p_0,p_1,p_2,p_3,p_4,p_5,p_6,p_7,p_8,p_9,p_10,p_11,p_12,p_13,p_14,p_15,p_16,p_17,p_18,p_19,p_20,monomer_state
0.037815128,0.008403362,0.075630255,0.067226894,0.05042017,0.09243698,0.042016808,0.05462185,0.084033616,0.075630255,0.029411765,0.05462185,0.042016808,0.033613447,0.025210084,0.04621849,0.05882353,0.067226894,0.004201681,0.0,0.05042017,0
0.033613447,0.012605042,0.075630255,0.067226894,0.05042017,0.09243698,0.042016808,0.05462185,0.084033616,0.075630255,0.029411765,0.05462185,0.042016808,0.033613447,0.025210084,0.04621849,0.05882353,0.067226894,0.004201681,0.0,0.05042017,0
0.033613447,0.008403362,0.075630255,0.067226894,0.05042017,0.09243698,0.042016808,0.05462185,0.084033616,0.079831935,0.029411765,0.05462185,0.042016808,0.033613447,0.025210084,0.04621849,0.05882353,0.067226894,0.004201681,0.0,0.05042017,0
0.033613447,0.008403362,0.075630255,0.067226894,0.05042017,0.09243698,0.042016808,0.05462185,0.084033616,0.075630255,0.029411765,0.05462185,0.042016808,0.033613447,0.025210084,0.04621849,0.063025214,0.067226894,0.004201681,0.0,0.05042017,0
0.033613447,0.008403362,0.075630255,0.067226894,0.05462185,0.09243698,0.042016808,0.05462185,0.084033616,0.075630255,0.029411765,0.05462185,0.042016808,0.033613447,0.025210084,0.05042017,0.05882353,0.067226894,0.004201681,0.0,0.04621849,0
0.033613447,0.008403362,0.075630255,0.067226894,0.05042017,0.09243698,0.04621849,0.05462185,0.084033616,0.075630255,0.029411765,0.05462185,0.042016808,0.033613447,0.025210084,0.05042017,0.05882353,0.067226894,0.004201681,0.0,0.04621849,0
0.037815128,0.008403362,0.075630255,0.067226894,0.05462185,0.10084034,0.037815128,0.05042017,0.084033616,0.084033616,0.025210084,0.05462185,0.042016808,0.029411765,0.029411765,0.037815128,0.05882353,0.067226894,0.004201681,0.0,0.05042017,0
0.039647575,0.008810572,0.07488987,0.066079296,0.057268724,0.0969163,0.039647575,0.052863438,0.08370044,0.08370044,0.017621145,0.057268724,0.04405286,0.030837005,0.030837005,0.03524229,0.057268724,0.07048458,0.004405286,0.0,0.04845815,0
0.057268724,0.030837005,0.04405286,0.07929515,0.057268724,0.09251101,0.030837005,0.03524229,0.066079296,0.07048458,0.039647575,0.03524229,0.057268724,0.017621145,0.052863438,0.04405286,0.07488987,0.057268724,0.008810572,0.0,0.04845815,0
0.03629032,0.008064516,0.06854839,0.06048387,0.048387095,0.09677419,0.06048387,0.044354837,0.08064516,0.08064516,0.012096774,0.052419353,0.044354837,0.028225806,0.04032258,0.052419353,0.06854839,0.06854839,0.004032258,0.0,0.044354837,0
0.060606062,0.025974026,0.043290045,0.077922076,0.056277055,0.0995671,0.038961038,0.034632035,0.064935066,0.06926407,0.038961038,0.034632035,0.056277055,0.017316017,0.04761905,0.051948052,0.06926407,0.056277055,0.008658009,0.0,0.04761905,0
0.053097345,0.013274336,0.07522124,0.061946902,0.061946902,0.092920355,0.053097345,0.048672568,0.084070794,0.061946902,0.03539823,0.048672568,0.048672568,0.017699115,0.044247787,0.03539823,0.048672568,0.057522126,0.0088495575,0.0,0.048672568,0
0.053097345,0.013274336,0.07522124,0.061946902,0.061946902,0.092920355,0.048672568,0.048672568,0.084070794,0.061946902,0.03539823,0.048672568,0.048672568,0.017699115,0.044247787,0.03539823,0.057522126,0.053097345,0.0088495575,0.0,0.048672568,0
0.03539823,0.0,0.057522126,0.088495575,0.053097345,0.097345136,0.030973451,0.03982301,0.092920355,0.06637168,0.030973451,0.017699115,0.057522126,0.03982301,0.03982301,0.048672568,0.057522126,0.07522124,0.013274336,0.0,0.057522126,0
0.02991453,0.0,0.055555556,0.094017096,0.047008548,0.102564104,0.02991453,0.03846154,0.0982906,0.072649576,0.047008548,0.017094018,0.055555556,0.034188036,0.03846154,0.042735044,0.055555556,0.06410257,0.012820513,0.0,0.06410257,0
0.044715445,0.024390243,0.07317073,0.044715445,0.05691057,0.12195122,0.048780486,0.040650405,0.07317073,0.05284553,0.020325202,0.040650405,0.036585364,0.024390243,0.028455285,0.06097561,0.07317073,0.08130081,0.008130081,0.0,0.044715445,0
0.041984733,0.022900764,0.057251908,0.07251909,0.03816794,0.08396947,0.022900764,0.07633588,0.07251909,0.041984733,0.015267176,0.057251908,0.045801528,0.030534351,0.045801528,0.061068702,0.08015267,0.08396947,0.003816794,0.0,0.045801528,0
0.04,0.013333334,0.057777777,0.06666667,0.035555556,0.09777778,0.017777778,0.075555556,0.10222222,0.04,0.0044444446,0.031111112,0.053333335,0.022222223,0.04,0.075555556,0.053333335,0.10222222,0.0044444446,0.0,0.06666667,0
0.033613447,0.008403362,0.075630255,0.067226894,0.05462185,0.09243698,0.042016808,0.05042017,0.084033616,0.079831935,0.025210084,0.05462185,0.042016808,0.029411765,0.029411765,0.04621849,0.063025214,0.071428575,0.004201681,0.0,0.04621849,0
0.05263158,0.03508772,0.065789476,0.065789476,0.06140351,0.078947365,0.03508772,0.07017544,0.07017544,0.05263158,0.030701755,0.057017542,0.05263158,0.02631579,0.04385965,0.057017542,0.04385965,0.04385965,0.01754386,0.0,0.039473683,0
0.03652968,0.00456621,0.05022831,0.07305936,0.06849315,0.12328767,0.05022831,0.05022831,0.03652968,0.05936073,0.03652968,0.0456621,0.0456621,0.01369863,0.0456621,0.07305936,0.07305936,0.05936073,0.0,0.0,0.05479452,0
0.04954955,0.0045045046,0.03153153,0.067567565,0.076576576,0.12162162,0.04954955,0.054054055,0.04054054,0.058558557,0.036036037,0.045045044,0.045045044,0.013513514,0.045045044,0.067567565,0.067567565,0.072072074,0.0,0.0,0.054054055,0
0.03652968,0.00456621,0.05022831,0.07305936,0.06849315,0.12328767,0.05022831,0.05022831,0.03652968,0.06392694,0.03652968,0.0456621,0.0456621,0.01369863,0.0456621,0.07305936,0.07305936,0.05479452,0.0,0.0,0.05479452,0
0.037037037,0.0,0.06944445,0.083333336,0.050925925,0.083333336,0.037037037,0.06944445,0.106481485,0.060185187,0.023148147,0.050925925,0.055555556,0.013888889,0.032407407,0.037037037,0.046296295,0.074074075,0.009259259,0.0,0.060185187,0
0.0375,0.004166667,0.06666667,0.083333336,0.045833334,0.083333336,0.025,0.058333334,0.104166664,0.07083333,0.033333335,0.05,0.054166667,0.016666668,0.029166667,0.05,0.045833334,0.07083333,0.008333334,0.0,0.0625,0
0.04587156,0.013761468,0.036697246,0.08256881,0.07798165,0.09174312,0.036697246,0.06880734,0.07339449,0.055045873,0.03211009,0.059633028,0.04587156,0.018348623,0.036697246,0.06880734,0.06422018,0.04587156,0.0,0.0,0.04587156,0
0.036036037,0.018018018,0.04954955,0.06306306,0.045045044,0.0990991,0.022522522,0.04954955,0.076576576,0.054054055,0.036036037,0.04054054,0.06306306,0.036036037,0.03153153,0.06306306,0.067567565,0.067567565,0.013513514,0.0,0.067567565,0
0.036036037,0.022522522,0.04954955,0.06306306,0.04054054,0.0990991,0.022522522,0.045045044,0.076576576,0.054054055,0.04054054,0.04054054,0.06306306,0.03153153,0.03153153,0.06306306,0.067567565,0.072072074,0.013513514,0.0,0.067567565,0
0.032786883,0.008196721,0.07377049,0.06557377,0.05327869,0.09016393,0.06967213,0.05327869,0.08196721,0.08196721,0.024590164,0.05327869,0.040983606,0.032786883,0.028688524,0.045081966,0.06147541,0.06147541,0.0040983604,0.0,0.036885247,0
0.042016808,0.008403362,0.071428575,0.071428575,0.05042017,0.10084034,0.037815128,0.04621849,0.079831935,0.09663866,0.021008404,0.05882353,0.042016808,0.033613447,0.029411765,0.029411765,0.063025214,0.063025214,0.004201681,0.0,0.05042017,0
0.041841004,0.008368201,0.07531381,0.066945605,0.050209206,0.09623431,0.037656903,0.050209206,0.08368201,0.087866105,0.020920502,0.054393306,0.041841004,0.033472802,0.025104603,0.033472802,0.07112971,0.07112971,0.0041841003,0.0,0.046025105,0
0.032786883,0.016393442,0.04918033,0.06967213,0.06967213,0.11065574,0.05327869,0.024590164,0.06967213,0.057377048,0.06147541,0.036885247,0.040983606,0.028688524,0.045081966,0.05327869,0.06147541,0.07377049,0.008196721,0.0,0.036885247,0
0.032786883,0.016393442,0.04918033,0.06967213,0.07377049,0.11065574,0.05327869,0.024590164,0.06967213,0.05327869,0.06147541,0.032786883,0.040983606,0.028688524,0.045081966,0.06147541,0.057377048,0.07377049,0.008196721,0.0,0.036885247,0
0.032786883,0.020491803,0.05327869,0.06967213,0.07786885,0.11065574,0.05327869,0.024590164,0.06967213,0.05327869,0.06147541,0.032786883,0.040983606,0.028688524,0.04918033,0.05327869,0.05327869,0.06967213,0.008196721,0.0,0.036885247,0
0.04621849,0.016806724,0.033613447,0.071428575,0.05882353,0.10084034,0.067226894,0.042016808,0.0882353,0.05882353,0.042016808,0.04621849,0.04621849,0.033613447,0.029411765,0.05042017,0.071428575,0.04621849,0.008403362,0.0,0.042016808,0
0.04680851,0.017021276,0.038297873,0.076595746,0.05106383,0.10212766,0.04255319,0.038297873,0.08510638,0.076595746,0.04680851,0.04255319,0.04680851,0.034042552,0.021276595,0.05531915,0.076595746,0.05106383,0.008510638,0.0,0.04255319,0
0.040983606,0.024590164,0.045081966,0.08196721,0.045081966,0.10655738,0.028688524,0.036885247,0.086065575,0.08196721,0.040983606,0.045081966,0.045081966,0.028688524,0.036885247,0.036885247,0.07377049,0.06147541,0.008196721,0.0,0.045081966,0
0.048780486,0.0044345898,0.09090909,0.08425721,0.044345897,0.101995565,0.035476718,0.048780486,0.070953436,0.07538803,0.044345897,0.042128604,0.02660754,0.035476718,0.042128604,0.042128604,0.070953436,0.05543237,0.0044345898,0.0,0.031042129,0
0.04330709,0.01968504,0.06692913,0.05511811,0.05511811,0.11811024,0.051181104,0.047244094,0.09055118,0.051181104,0.04330709,0.031496063,0.05511811,0.023622047,0.023622047,0.062992126,0.06692913,0.04330709,0.007874016,0.0,0.04330709,0
0.04017857,0.013392857,0.058035713,0.06696428,0.058035713,0.11160714,0.026785715,0.05357143,0.09375,0.05357143,0.035714287,0.03125,0.0625,0.013392857,0.026785715,0.071428575,0.07589286,0.04910714,0.008928572,0.0,0.04910714,0
0.050632913,0.025316456,0.08438819,0.050632913,0.07594936,0.088607594,0.050632913,0.07172996,0.033755273,0.03797468,0.042194095,0.029535865,0.06329114,0.03797468,0.046413504,0.05907173,0.07172996,0.05907173,0.004219409,0.0,0.016877636,0
0.050632913,0.025316456,0.08438819,0.046413504,0.07594936,0.088607594,0.050632913,0.07172996,0.033755273,0.03797468,0.042194095,0.029535865,0.06329114,0.042194095,0.046413504,0.05907173,0.07172996,0.05907173,0.004219409,0.0,0.016877636,0
0.05485232,0.025316456,0.08438819,0.050632913,0.07594936,0.088607594,0.050632913,0.07172996,0.033755273,0.03797468,0.042194095,0.029535865,0.06329114,0.03797468,0.046413504,0.05485232,0.07172996,0.05907173,0.004219409,0.0,0.016877636,0
0.046413504,0.025316456,0.08438819,0.050632913,0.07594936,0.088607594,0.050632913,0.07172996,0.033755273,0.03797468,0.042194095,0.029535865,0.06329114,0.03797468,0.046413504,0.05907173,0.07594936,0.05907173,0.004219409,0.0,0.016877636,0
0.046332046,0.023166023,0.077220075,0.046332046,0.06949807,0.096525095,0.07335907,0.06563707,0.03088803,0.038610037,0.042471044,0.027027028,0.06177606,0.034749035,0.046332046,0.077220075,0.06563707,0.057915058,0.0038610038,0.0,0.015444015,0
0.04587156,0.013761468,0.036697246,0.08256881,0.07798165,0.09174312,0.03211009,0.06880734,0.07339449,0.055045873,0.03211009,0.059633028,0.04587156,0.018348623,0.036697246,0.06880734,0.06880734,0.04587156,0.0,0.0,0.04587156,0
0.04587156,0.013761468,0.041284405,0.08256881,0.07798165,0.09174312,0.03211009,0.06880734,0.07339449,0.055045873,0.03211009,0.059633028,0.04587156,0.018348623,0.036697246,0.06880734,0.06422018,0.04587156,0.0,0.0,0.04587156,0
0.04587156,0.013761468,0.036697246,0.08256881,0.08256881,0.09174312,0.03211009,0.06880734,0.07339449,0.055045873,0.03211009,0.059633028,0.04587156,0.018348623,0.036697246,0.06880734,0.06422018,0.04587156,0.0,0.0,0.04587156,0
0.033613447,0.012605042,0.075630255,0.067226894,0.05042017,0.09663866,0.042016808,0.05042017,0.084033616,0.084033616,0.025210084,0.05462185,0.042016808,0.033613447,0.025210084,0.037815128,0.063025214,0.071428575,0.004201681,0.0,0.04621849,0
0.053097345,0.013274336,0.07522124,0.061946902,0.061946902,0.092920355,0.053097345,0.048672568,0.084070794,0.061946902,0.03539823,0.048672568,0.048672568,0.017699115,0.044247787,0.03539823,0.053097345,0.053097345,0.0088495575,0.0,0.048672568,0
0.038961038,0.017316017,0.043290045,0.07359307,0.043290045,0.103896104,0.030303031,0.043290045,0.08658009,0.07359307,0.043290045,0.038961038,0.051948052,0.025974026,0.030303031,0.04761905,0.077922076,0.064935066,0.017316017,0.0,0.04761905,0
0.05957447,0.008510638,0.076595746,0.05957447,0.04680851,0.09787234,0.034042552,0.06382979,0.076595746,0.06382979,0.025531914,0.034042552,0.04680851,0.021276595,0.029787235,0.038297873,0.08510638,0.05957447,0.012765957,0.0,0.05957447,0
0.033613447,0.008403362,0.075630255,0.067226894,0.05042017,0.09243698,0.042016808,0.04621849,0.079831935,0.084033616,0.025210084,0.05882353,0.042016808,0.029411765,0.029411765,0.04621849,0.067226894,0.071428575,0.004201681,0.0,0.04621849,0
0.044444446,0.017777778,0.075555556,0.053333335,0.044444446,0.08888889,0.026666667,0.057777777,0.08888889,0.057777777,0.04,0.04,0.04888889,0.026666667,0.044444446,0.057777777,0.04888889,0.06666667,0.008888889,0.0,0.062222224,0
0.04888889,0.017777778,0.075555556,0.053333335,0.044444446,0.08888889,0.026666667,0.057777777,0.08888889,0.057777777,0.04,0.04,0.04888889,0.026666667,0.044444446,0.057777777,0.044444446,0.06666667,0.008888889,0.0,0.062222224,0
0.05957447,0.012765957,0.076595746,0.05957447,0.04680851,0.09787234,0.034042552,0.06382979,0.076595746,0.06382979,0.025531914,0.038297873,0.04680851,0.021276595,0.029787235,0.038297873,0.08085106,0.05957447,0.012765957,0.0,0.05531915,0
0.06382979,0.008510638,0.076595746,0.05957447,0.04680851,0.09787234,0.034042552,0.06382979,0.076595746,0.06382979,0.025531914,0.038297873,0.04680851,0.021276595,0.029787235,0.038297873,0.076595746,0.05957447,0.012765957,0.0,0.05957447,0
0.04954955,0.0045045046,0.036036037,0.06306306,0.04954955,0.1036036,0.04054054,0.058558557,0.054054055,0.04954955,0.045045044,0.072072074,0.04054054,0.018018018,0.03153153,0.058558557,0.0945946,0.04954955,0.0045045046,0.0,0.076576576,0
0.044247787,0.017699115,0.044247787,0.07964602,0.053097345,0.092920355,0.030973451,0.03982301,0.084070794,0.07522124,0.044247787,0.03982301,0.048672568,0.03539823,0.026548672,0.057522126,0.07964602,0.048672568,0.0088495575,0.0,0.048672568,0
0.043290045,0.017316017,0.043290045,0.07359307,0.051948052,0.0952381,0.034632035,0.038961038,0.08658009,0.077922076,0.043290045,0.038961038,0.04761905,0.034632035,0.025974026,0.064935066,0.077922076,0.04761905,0.008658009,0.0,0.04761905,0
0.04526749,0.016460905,0.037037037,0.06995885,0.049382716,0.10288066,0.057613168,0.037037037,0.08230453,0.074074075,0.041152265,0.037037037,0.04526749,0.03292181,0.028806584,0.06995885,0.074074075,0.04526749,0.008230452,0.0,0.04526749,0
0.041152265,0.020576132,0.037037037,0.06995885,0.049382716,0.10288066,0.057613168,0.037037037,0.08230453,0.074074075,0.037037037,0.04526749,0.04526749,0.03292181,0.028806584,0.061728396,0.0781893,0.04526749,0.008230452,0.0,0.04526749,0
0.055084746,0.004237288,0.055084746,0.050847456,0.06779661,0.09322034,0.025423728,0.033898305,0.06779661,0.059322033,0.050847456,0.050847456,0.050847456,0.042372882,0.025423728,0.06355932,0.08898305,0.04661017,0.016949153,0.0,0.050847456,0
0.04526749,0.024691358,0.074074075,0.04526749,0.057613168,0.115226336,0.049382716,0.037037037,0.074074075,0.049382716,0.024691358,0.041152265,0.037037037,0.024691358,0.028806584,0.057613168,0.0781893,0.08230453,0.008230452,0.0,0.04526749,0
0.042016808,0.016806724,0.075630255,0.071428575,0.042016808,0.09243698,0.042016808,0.042016808,0.071428575,0.09243698,0.025210084,0.05042017,0.042016808,0.033613447,0.029411765,0.05042017,0.063025214,0.067226894,0.004201681,0.0,0.04621849,0
0.04310345,0.030172413,0.073275864,0.038793102,0.073275864,0.08189655,0.05172414,0.08189655,0.05172414,0.04310345,0.038793102,0.030172413,0.060344826,0.038793102,0.03448276,0.060344826,0.08189655,0.060344826,0.004310345,0.0,0.021551725,0
0.046025105,0.008368201,0.07112971,0.06276151,0.054393306,0.09205021,0.037656903,0.06276151,0.07531381,0.07112971,0.029288704,0.06276151,0.041841004,0.029288704,0.025104603,0.046025105,0.07112971,0.058577407,0.0041841003,0.0,0.050209206,0
0.033195022,0.0,0.07883818,0.066390045,0.05394191,0.09543569,0.041493777,0.049792532,0.08713693,0.08713693,0.029045643,0.05394191,0.045643155,0.024896266,0.029045643,0.0373444,0.058091287,0.0746888,0.004149378,0.0,0.049792532,1
0.042016808,0.008403362,0.075630255,0.063025214,0.05882353,0.09243698,0.037815128,0.063025214,0.075630255,0.067226894,0.029411765,0.05882353,0.042016808,0.029411765,0.025210084,0.04621849,0.075630255,0.05462185,0.004201681,0.0,0.05042017,1
0.04888889,0.017777778,0.07111111,0.057777777,0.04888889,0.08,0.026666667,0.04888889,0.093333334,0.062222224,0.04,0.04888889,0.053333335,0.031111112,0.044444446,0.031111112,0.06666667,0.057777777,0.008888889,0.0,0.062222224,1
0.044247787,0.0044247787,0.057522126,0.10176991,0.03982301,0.11061947,0.022123894,0.03539823,0.10176991,0.053097345,0.048672568,0.017699115,0.053097345,0.030973451,0.03982301,0.053097345,0.057522126,0.06637168,0.013274336,0.0,0.048672568,1
0.05172414,0.012931035,0.073275864,0.060344826,0.060344826,0.09051724,0.077586204,0.047413792,0.08189655,0.060344826,0.03448276,0.047413792,0.047413792,0.01724138,0.04310345,0.03448276,0.05172414,0.05172414,0.00862069,0.0,0.047413792,1
0.053333335,0.0,0.062222224,0.09777778,0.044444446,0.10222222,0.022222223,0.04,0.09777778,0.053333335,0.04,0.017777778,0.053333335,0.035555556,0.04,0.053333335,0.062222224,0.062222224,0.013333334,0.0,0.04888889,1
0.053333335,0.0044444446,0.062222224,0.09777778,0.044444446,0.10222222,0.022222223,0.04,0.09777778,0.057777777,0.04,0.017777778,0.053333335,0.026666667,0.04,0.057777777,0.057777777,0.062222224,0.013333334,0.0,0.04888889,1
0.042372882,0.0,0.050847456,0.10169491,0.050847456,0.11440678,0.021186441,0.04661017,0.10169491,0.050847456,0.042372882,0.025423728,0.050847456,0.029661017,0.038135592,0.055084746,0.050847456,0.06355932,0.012711864,0.0,0.050847456,1
0.050847456,0.004237288,0.04661017,0.105932206,0.04661017,0.11440678,0.021186441,0.042372882,0.10169491,0.050847456,0.042372882,0.025423728,0.050847456,0.025423728,0.038135592,0.055084746,0.055084746,0.059322033,0.012711864,0.0,0.050847456,1
0.057777777,0.0,0.062222224,0.093333334,0.044444446,0.10666667,0.022222223,0.04,0.09777778,0.053333335,0.044444446,0.017777778,0.053333335,0.031111112,0.04,0.04888889,0.062222224,0.062222224,0.017777778,0.0,0.044444446,1
0.048672568,0.0,0.057522126,0.10619469,0.03982301,0.10619469,0.026548672,0.03982301,0.092920355,0.048672568,0.048672568,0.017699115,0.053097345,0.030973451,0.044247787,0.053097345,0.057522126,0.06637168,0.013274336,0.0,0.048672568,1
0.046692606,0.015564202,0.08560311,0.05836576,0.046692606,0.101167314,0.054474708,0.046692606,0.08171206,0.05836576,0.042801555,0.042801555,0.050583657,0.027237354,0.042801555,0.038910504,0.035019454,0.06614786,0.007782101,0.0,0.050583657,1
0.05172414,0.012931035,0.038793102,0.073275864,0.06465517,0.094827585,0.03448276,0.04310345,0.0862069,0.05172414,0.038793102,0.030172413,0.05172414,0.04310345,0.038793102,0.06896552,0.05172414,0.073275864,0.00862069,0.0,0.04310345,1
0.050458714,0.0091743115,0.041284405,0.08256881,0.055045873,0.10091743,0.04587156,0.041284405,0.07798165,0.050458714,0.04587156,0.027522936,0.055045873,0.02293578,0.036697246,0.07339449,0.06422018,0.06422018,0.0091743115,0.0,0.04587156,1
0.060747664,0.009345794,0.042056076,0.07476635,0.07009346,0.11214953,0.028037382,0.018691588,0.07943925,0.05140187,0.028037382,0.05140187,0.042056076,0.023364486,0.03271028,0.046728972,0.093457945,0.08411215,0.014018691,0.0,0.037383176,1
0.049586777,0.008264462,0.07024793,0.06198347,0.049586777,0.08677686,0.03305785,0.05785124,0.0785124,0.0785124,0.02892562,0.06198347,0.041322313,0.02892562,0.02892562,0.049586777,0.07024793,0.05785124,0.008264462,0.0,0.049586777,1
0.033195022,0.008298756,0.07053942,0.062240664,0.049792532,0.09543569,0.062240664,0.049792532,0.082987554,0.0746888,0.016597511,0.05394191,0.041493777,0.029045643,0.0373444,0.05394191,0.066390045,0.066390045,0.004149378,0.0,0.041493777,1
0.053333335,0.0,0.062222224,0.09777778,0.044444446,0.10222222,0.031111112,0.031111112,0.09777778,0.053333335,0.04,0.017777778,0.053333335,0.035555556,0.04,0.04888889,0.062222224,0.06666667,0.013333334,0.0,0.04888889,1
0.04489796,0.01632653,0.036734693,0.073469386,0.040816326,0.10204082,0.06122449,0.036734693,0.073469386,0.07755102,0.036734693,0.040816326,0.04489796,0.03265306,0.036734693,0.04489796,0.08163265,0.057142857,0.012244898,0.0,0.04897959,1
0.04910714,0.017857144,0.071428575,0.071428575,0.04910714,0.08928572,0.04017857,0.04910714,0.08928572,0.058035713,0.03125,0.04910714,0.05357143,0.02232143,0.035714287,0.04464286,0.035714287,0.07589286,0.008928572,0.0,0.058035713,1
0.038961038,0.012987013,0.056277055,0.06926407,0.051948052,0.08225108,0.060606062,0.043290045,0.08225108,0.07359307,0.025974026,0.051948052,0.056277055,0.025974026,0.034632035,0.038961038,0.060606062,0.07359307,0.012987013,0.0,0.04761905,1
0.053333335,0.0044444446,0.062222224,0.09777778,0.044444446,0.10222222,0.022222223,0.04,0.09777778,0.053333335,0.04,0.017777778,0.053333335,0.031111112,0.04,0.053333335,0.062222224,0.062222224,0.013333334,0.0,0.04888889,1
0.053333335,0.0,0.062222224,0.09777778,0.044444446,0.10222222,0.022222223,0.04,0.09777778,0.053333335,0.04,0.017777778,0.053333335,0.031111112,0.04,0.057777777,0.062222224,0.062222224,0.013333334,0.0,0.04888889,1
0.053333335,0.0,0.062222224,0.09777778,0.044444446,0.10222222,0.022222223,0.04,0.09777778,0.053333335,0.04,0.017777778,0.053333335,0.031111112,0.04,0.053333335,0.06666667,0.062222224,0.013333334,0.0,0.04888889,1
0.04661017,0.0,0.059322033,0.10169491,0.042372882,0.105932206,0.025423728,0.042372882,0.10169491,0.055084746,0.042372882,0.029661017,0.050847456,0.033898305,0.033898305,0.050847456,0.050847456,0.06355932,0.012711864,0.0,0.050847456,1
0.04661017,0.0,0.055084746,0.10169491,0.042372882,0.11016949,0.021186441,0.04661017,0.10169491,0.059322033,0.042372882,0.029661017,0.050847456,0.021186441,0.038135592,0.04661017,0.059322033,0.06355932,0.012711864,0.0,0.050847456,1
0.042372882,0.0,0.076271184,0.084745765,0.04661017,0.08898305,0.033898305,0.055084746,0.105932206,0.050847456,0.038135592,0.04661017,0.04661017,0.008474576,0.033898305,0.042372882,0.06355932,0.0720339,0.008474576,0.0,0.055084746,1
0.041666668,0.0,0.06944445,0.083333336,0.050925925,0.083333336,0.037037037,0.06944445,0.106481485,0.060185187,0.023148147,0.050925925,0.055555556,0.009259259,0.032407407,0.037037037,0.046296295,0.074074075,0.009259259,0.0,0.060185187,1
0.0375,0.004166667,0.06666667,0.083333336,0.045833334,0.083333336,0.025,0.058333334,0.108333334,0.07083333,0.033333335,0.05,0.058333334,0.016666668,0.029166667,0.041666668,0.045833334,0.07083333,0.008333334,0.0,0.0625,1
0.041841004,0.008368201,0.07949791,0.066945605,0.050209206,0.09205021,0.033472802,0.054393306,0.087866105,0.087866105,0.020920502,0.050209206,0.041841004,0.033472802,0.025104603,0.037656903,0.07112971,0.07112971,0.008368201,0.0,0.037656903,1
0.040816326,0.008163265,0.07755102,0.06530612,0.04897959,0.093877554,0.057142857,0.053061225,0.08163265,0.08571429,0.020408163,0.04897959,0.040816326,0.03265306,0.024489796,0.03265306,0.06938776,0.06938776,0.008163265,0.0,0.040816326,1
0.037656903,0.008368201,0.07531381,0.066945605,0.046025105,0.10041841,0.037656903,0.050209206,0.087866105,0.09623431,0.020920502,0.054393306,0.041841004,0.033472802,0.025104603,0.033472802,0.06276151,0.066945605,0.0041841003,0.0,0.050209206,1
0.037656903,0.008368201,0.07531381,0.066945605,0.046025105,0.10041841,0.037656903,0.050209206,0.087866105,0.09205021,0.020920502,0.054393306,0.041841004,0.033472802,0.025104603,0.033472802,0.06276151,0.07112971,0.0041841003,0.0,0.050209206,1
0.037656903,0.008368201,0.07531381,0.066945605,0.050209206,0.09623431,0.037656903,0.054393306,0.087866105,0.087866105,0.020920502,0.050209206,0.041841004,0.033472802,0.025104603,0.033472802,0.07112971,0.07112971,0.008368201,0.0,0.041841004,1
0.037656903,0.008368201,0.07949791,0.066945605,0.050209206,0.09623431,0.033472802,0.054393306,0.087866105,0.087866105,0.020920502,0.050209206,0.041841004,0.033472802,0.025104603,0.033472802,0.07112971,0.07112971,0.008368201,0.0,0.041841004,1
0.041841004,0.008368201,0.07949791,0.066945605,0.050209206,0.09623431,0.033472802,0.054393306,0.087866105,0.087866105,0.020920502,0.050209206,0.041841004,0.033472802,0.025104603,0.033472802,0.07112971,0.07112971,0.008368201,0.0,0.037656903,1
0.041841004,0.008368201,0.07949791,0.066945605,0.050209206,0.09205021,0.033472802,0.054393306,0.087866105,0.087866105,0.020920502,0.050209206,0.041841004,0.033472802,0.025104603,0.037656903,0.07112971,0.07112971,0.008368201,0.0,0.037656903,1
0.036036037,0.018018018,0.04954955,0.072072074,0.045045044,0.0990991,0.022522522,0.04954955,0.076576576,0.054054055,0.036036037,0.04054054,0.06306306,0.04054054,0.036036037,0.067567565,0.058558557,0.06306306,0.013513514,0.0,0.058558557,1
0.029411765,0.012605042,0.067226894,0.075630255,0.063025214,0.1092437,0.04621849,0.063025214,0.075630255,0.079831935,0.033613447,0.05462185,0.042016808,0.025210084,0.033613447,0.029411765,0.05462185,0.05882353,0.004201681,0.0,0.042016808,1
0.029411765,0.012605042,0.067226894,0.075630255,0.067226894,0.1092437,0.04621849,0.063025214,0.075630255,0.075630255,0.033613447,0.05462185,0.042016808,0.025210084,0.033613447,0.029411765,0.05462185,0.05882353,0.004201681,0.0,0.042016808,1
0.029411765,0.012605042,0.067226894,0.075630255,0.063025214,0.1092437,0.04621849,0.063025214,0.075630255,0.075630255,0.033613447,0.05462185,0.042016808,0.025210084,0.033613447,0.029411765,0.05462185,0.05882353,0.004201681,0.0,0.04621849,1
0.029411765,0.016806724,0.067226894,0.075630255,0.063025214,0.10504202,0.04621849,0.063025214,0.075630255,0.079831935,0.033613447,0.05462185,0.042016808,0.021008404,0.033613447,0.033613447,0.05462185,0.05882353,0.004201681,0.0,0.042016808,1
0.029411765,0.012605042,0.067226894,0.075630255,0.063025214,0.10504202,0.04621849,0.063025214,0.075630255,0.075630255,0.033613447,0.05462185,0.042016808,0.025210084,0.033613447,0.033613447,0.05882353,0.05882353,0.004201681,0.0,0.042016808,1
0.029411765,0.012605042,0.067226894,0.075630255,0.05882353,0.10504202,0.05042017,0.063025214,0.075630255,0.079831935,0.033613447,0.05462185,0.042016808,0.025210084,0.033613447,0.033613447,0.05462185,0.05882353,0.004201681,0.0,0.042016808,1
0.029411765,0.012605042,0.067226894,0.075630255,0.063025214,0.1092437,0.04621849,0.05882353,0.075630255,0.079831935,0.033613447,0.05462185,0.042016808,0.021008404,0.033613447,0.029411765,0.05462185,0.063025214,0.004201681,0.0,0.04621849,1
0.029411765,0.012605042,0.067226894,0.075630255,0.063025214,0.1092437,0.04621849,0.05882353,0.075630255,0.079831935,0.033613447,0.05462185,0.042016808,0.021008404,0.033613447,0.029411765,0.05882353,0.063025214,0.004201681,0.0,0.042016808,1
0.029411765,0.012605042,0.067226894,0.075630255,0.063025214,0.1092437,0.04621849,0.063025214,0.075630255,0.075630255,0.033613447,0.05462185,0.042016808,0.025210084,0.033613447,0.029411765,0.05882353,0.05882353,0.004201681,0.0,0.042016808,1
0.029411765,0.012605042,0.067226894,0.075630255,0.063025214,0.1092437,0.05042017,0.063025214,0.075630255,0.075630255,0.033613447,0.05462185,0.042016808,0.025210084,0.033613447,0.029411765,0.05462185,0.05882353,0.004201681,0.0,0.042016808,1
0.033613447,0.012605042,0.067226894,0.075630255,0.063025214,0.10504202,0.04621849,0.063025214,0.075630255,0.075630255,0.033613447,0.05462185,0.042016808,0.025210084,0.033613447,0.029411765,0.05882353,0.05882353,0.004201681,0.0,0.042016808,1
0.029411765,0.012605042,0.067226894,0.075630255,0.063025214,0.10504202,0.04621849,0.063025214,0.075630255,0.079831935,0.033613447,0.05462185,0.042016808,0.021008404,0.033613447,0.033613447,0.05882353,0.05882353,0.004201681,0.0,0.042016808,1
0.029411765,0.012605042,0.067226894,0.075630255,0.067226894,0.10504202,0.04621849,0.063025214,0.075630255,0.071428575,0.033613447,0.05462185,0.042016808,0.025210084,0.033613447,0.033613447,0.05882353,0.05882353,0.004201681,0.0,0.042016808,1
0.033613447,0.008403362,0.075630255,0.067226894,0.05042017,0.09243698,0.042016808,0.05042017,0.084033616,0.084033616,0.025210084,0.05462185,0.042016808,0.033613447,0.025210084,0.042016808,0.063025214,0.071428575,0.004201681,0.0,0.05042017,1
0.033472802,0.008368201,0.07531381,0.066945605,0.050209206,0.09205021,0.037656903,0.054393306,0.087866105,0.087866105,0.020920502,0.050209206,0.041841004,0.033472802,0.025104603,0.041841004,0.07112971,0.07112971,0.008368201,0.0,0.041841004,1
0.042194095,0.016877636,0.042194095,0.080168776,0.046413504,0.101265825,0.033755273,0.03797468,0.08438819,0.07594936,0.042194095,0.046413504,0.046413504,0.029535865,0.03797468,0.042194095,0.07594936,0.06329114,0.008438818,0.0,0.046413504,1
0.044444446,0.0044444446,0.06666667,0.08444444,0.053333335,0.09777778,0.035555556,0.031111112,0.09777778,0.04888889,0.026666667,0.031111112,0.057777777,0.057777777,0.013333334,0.053333335,0.053333335,0.075555556,0.013333334,0.0,0.053333335,1
0.033333335,0.008333334,0.075,0.06666667,0.054166667,0.09166667,0.0375,0.05,0.079166666,0.0875,0.020833334,0.054166667,0.045833334,0.033333335,0.025,0.041666668,0.06666667,0.075,0.004166667,0.0,0.05,1
0.043290045,0.017316017,0.043290045,0.077922076,0.04761905,0.0995671,0.034632035,0.038961038,0.08225108,0.07359307,0.043290045,0.043290045,0.04761905,0.030303031,0.038961038,0.043290045,0.077922076,0.060606062,0.008658009,0.0,0.04761905,1
0.033472802,0.008368201,0.07531381,0.06276151,0.050209206,0.10041841,0.033472802,0.041841004,0.08368201,0.07949791,0.029288704,0.050209206,0.041841004,0.033472802,0.037656903,0.041841004,0.06276151,0.09205021,0.0041841003,0.0,0.037656903,1
0.033472802,0.008368201,0.07112971,0.066945605,0.054393306,0.09205021,0.041841004,0.046025105,0.08368201,0.087866105,0.025104603,0.050209206,0.041841004,0.033472802,0.033472802,0.041841004,0.066945605,0.08368201,0.0041841003,0.0,0.033472802,1
0.037815128,0.008403362,0.075630255,0.067226894,0.05042017,0.09243698,0.04621849,0.04621849,0.084033616,0.084033616,0.021008404,0.05462185,0.042016808,0.029411765,0.033613447,0.037815128,0.071428575,0.079831935,0.004201681,0.0,0.033613447,1
0.033613447,0.008403362,0.075630255,0.067226894,0.05462185,0.09243698,0.04621849,0.04621849,0.084033616,0.084033616,0.025210084,0.05042017,0.042016808,0.029411765,0.033613447,0.037815128,0.071428575,0.079831935,0.004201681,0.0,0.033613447,1
0.04661017,0.004237288,0.059322033,0.10169491,0.04661017,0.105932206,0.025423728,0.042372882,0.08898305,0.06355932,0.038135592,0.029661017,0.050847456,0.025423728,0.050847456,0.050847456,0.050847456,0.06355932,0.012711864,0.0,0.042372882,1
0.042372882,0.0,0.055084746,0.097457625,0.055084746,0.10169491,0.025423728,0.04661017,0.10169491,0.055084746,0.033898305,0.033898305,0.050847456,0.029661017,0.033898305,0.050847456,0.050847456,0.076271184,0.012711864,0.0,0.04661017,1
0.037656903,0.008368201,0.07531381,0.066945605,0.050209206,0.09623431,0.037656903,0.050209206,0.087866105,0.09205021,0.020920502,0.054393306,0.041841004,0.033472802,0.025104603,0.033472802,0.07112971,0.066945605,0.0041841003,0.0,0.046025105,1
0.037656903,0.008368201,0.07531381,0.066945605,0.050209206,0.09623431,0.037656903,0.050209206,0.087866105,0.087866105,0.020920502,0.054393306,0.041841004,0.033472802,0.025104603,0.033472802,0.07112971,0.07112971,0.0041841003,0.0,0.046025105,1
0.037656903,0.008368201,0.07531381,0.06276151,0.050209206,0.09623431,0.037656903,0.050209206,0.087866105,0.087866105,0.020920502,0.054393306,0.041841004,0.037656903,0.025104603,0.033472802,0.07112971,0.07112971,0.0041841003,0.0,0.046025105,1
0.037656903,0.008368201,0.07531381,0.066945605,0.050209206,0.10041841,0.037656903,0.050209206,0.087866105,0.087866105,0.020920502,0.054393306,0.041841004,0.033472802,0.025104603,0.033472802,0.066945605,0.07112971,0.0041841003,0.0,0.046025105,1
0.037656903,0.008368201,0.07531381,0.066945605,0.054393306,0.09623431,0.041841004,0.050209206,0.087866105,0.09205021,0.020920502,0.054393306,0.041841004,0.033472802,0.025104603,0.037656903,0.066945605,0.066945605,0.0041841003,0.0,0.037656903,1
0.037656903,0.008368201,0.07531381,0.066945605,0.054393306,0.09623431,0.041841004,0.050209206,0.087866105,0.087866105,0.020920502,0.054393306,0.041841004,0.033472802,0.025104603,0.037656903,0.066945605,0.07112971,0.0041841003,0.0,0.037656903,1
0.04845815,0.017621145,0.07048458,0.07048458,0.04845815,0.09251101,0.04405286,0.04845815,0.08810572,0.057268724,0.030837005,0.04845815,0.052863438,0.02202643,0.03524229,0.04845815,0.03524229,0.07488987,0.008810572,0.0,0.057268724,1
0.046692606,0.015564202,0.08560311,0.06225681,0.042801555,0.09727626,0.05836576,0.042801555,0.08171206,0.054474708,0.042801555,0.042801555,0.050583657,0.027237354,0.038910504,0.046692606,0.035019454,0.06614786,0.007782101,0.0,0.054474708,1
0.040816326,0.01632653,0.040816326,0.073469386,0.040816326,0.10204082,0.053061225,0.036734693,0.07755102,0.07755102,0.04489796,0.040816326,0.04489796,0.028571429,0.040816326,0.053061225,0.07755102,0.057142857,0.008163265,0.0,0.04489796,1
0.041666668,0.016666668,0.045833334,0.083333336,0.045833334,0.104166664,0.033333335,0.0375,0.083333336,0.079166666,0.041666668,0.045833334,0.045833334,0.029166667,0.0375,0.033333335,0.079166666,0.058333334,0.008333334,0.0,0.05,1
0.048780486,0.0044345898,0.09090909,0.08425721,0.044345897,0.101995565,0.035476718,0.048780486,0.06873614,0.07538803,0.044345897,0.042128604,0.02660754,0.035476718,0.042128604,0.042128604,0.06873614,0.05764967,0.006651885,0.0,0.031042129,1
0.048780486,0.0044345898,0.09090909,0.08425721,0.044345897,0.09977827,0.035476718,0.048780486,0.070953436,0.07538803,0.044345897,0.042128604,0.02660754,0.035476718,0.044345897,0.042128604,0.06873614,0.05764967,0.0044345898,0.0,0.031042129,1
0.04661017,0.0,0.059322033,0.097457625,0.04661017,0.105932206,0.025423728,0.038135592,0.097457625,0.055084746,0.042372882,0.029661017,0.050847456,0.033898305,0.033898305,0.055084746,0.050847456,0.06355932,0.016949153,0.0,0.050847456,1
0.04661017,0.004237288,0.059322033,0.097457625,0.04661017,0.105932206,0.025423728,0.038135592,0.10169491,0.055084746,0.04661017,0.029661017,0.050847456,0.029661017,0.033898305,0.050847456,0.050847456,0.06355932,0.012711864,0.0,0.050847456,1
0.050847456,0.0,0.055084746,0.10169491,0.050847456,0.097457625,0.029661017,0.059322033,0.10169491,0.050847456,0.042372882,0.029661017,0.050847456,0.029661017,0.038135592,0.050847456,0.033898305,0.06355932,0.012711864,0.0,0.050847456,1
0.042372882,0.0,0.076271184,0.084745765,0.04661017,0.08898305,0.033898305,0.055084746,0.105932206,0.050847456,0.038135592,0.04661017,0.04661017,0.008474576,0.033898305,0.042372882,0.06355932,0.0720339,0.012711864,0.0,0.050847456,1
0.042372882,0.0,0.076271184,0.084745765,0.04661017,0.08898305,0.038135592,0.055084746,0.105932206,0.050847456,0.038135592,0.04661017,0.04661017,0.008474576,0.033898305,0.042372882,0.06355932,0.0720339,0.008474576,0.0,0.050847456,1
0.042372882,0.0,0.076271184,0.084745765,0.04661017,0.08898305,0.029661017,0.055084746,0.105932206,0.050847456,0.042372882,0.04661017,0.04661017,0.008474576,0.033898305,0.042372882,0.06355932,0.0720339,0.008474576,0.0,0.055084746,1
0.042372882,0.0,0.076271184,0.084745765,0.04661017,0.08898305,0.029661017,0.055084746,0.10169491,0.050847456,0.04661017,0.04661017,0.04661017,0.008474576,0.033898305,0.042372882,0.06355932,0.0720339,0.008474576,0.0,0.055084746,1
0.04661017,0.0,0.076271184,0.084745765,0.04661017,0.08898305,0.029661017,0.055084746,0.10169491,0.050847456,0.04661017,0.04661017,0.04661017,0.008474576,0.033898305,0.042372882,0.059322033,0.0720339,0.008474576,0.0,0.055084746,1
0.038135592,0.0,0.076271184,0.084745765,0.04661017,0.08898305,0.029661017,0.059322033,0.10169491,0.050847456,0.04661017,0.04661017,0.04661017,0.008474576,0.033898305,0.042372882,0.06355932,0.0720339,0.008474576,0.0,0.055084746,1
0.047413792,0.00862069,0.056034483,0.0862069,0.05172414,0.094827585,0.030172413,0.04310345,0.077586204,0.04310345,0.038793102,0.038793102,0.038793102,0.021551725,0.04310345,0.05172414,0.073275864,0.077586204,0.00862069,0.0,0.06896552,1
0.029411765,0.008403362,0.075630255,0.067226894,0.05042017,0.09243698,0.042016808,0.05042017,0.0882353,0.084033616,0.025210084,0.05462185,0.042016808,0.029411765,0.029411765,0.042016808,0.067226894,0.071428575,0.004201681,0.0,0.04621849,1
0.042016808,0.004201681,0.075630255,0.067226894,0.05882353,0.09663866,0.042016808,0.05462185,0.084033616,0.079831935,0.029411765,0.05462185,0.042016808,0.029411765,0.025210084,0.037815128,0.05882353,0.071428575,0.004201681,0.0,0.042016808,1
0.050458714,0.0091743115,0.041284405,0.08256881,0.055045873,0.10091743,0.04587156,0.041284405,0.08256881,0.050458714,0.04587156,0.027522936,0.055045873,0.02293578,0.03211009,0.07339449,0.06422018,0.06422018,0.0091743115,0.0,0.04587156,1
0.055045873,0.0091743115,0.041284405,0.07798165,0.055045873,0.10091743,0.04587156,0.041284405,0.07798165,0.050458714,0.04587156,0.027522936,0.055045873,0.02293578,0.036697246,0.07339449,0.06422018,0.06422018,0.0091743115,0.0,0.04587156,1
0.050458714,0.0091743115,0.041284405,0.07798165,0.055045873,0.10091743,0.04587156,0.041284405,0.07798165,0.050458714,0.04587156,0.027522936,0.055045873,0.027522936,0.036697246,0.07339449,0.06422018,0.06422018,0.0091743115,0.0,0.04587156,1
0.042016808,0.016806724,0.075630255,0.071428575,0.042016808,0.09243698,0.042016808,0.042016808,0.075630255,0.0882353,0.021008404,0.05042017,0.042016808,0.037815128,0.033613447,0.05042017,0.063025214,0.063025214,0.004201681,0.0,0.04621849,1
0.055045873,0.0045871558,0.04587156,0.09633028,0.055045873,0.10550459,0.04587156,0.041284405,0.06422018,0.050458714,0.04587156,0.027522936,0.050458714,0.02293578,0.036697246,0.06422018,0.06422018,0.06880734,0.0091743115,0.0,0.04587156,1
0.042372882,0.0,0.055084746,0.097457625,0.04661017,0.105932206,0.025423728,0.04661017,0.105932206,0.050847456,0.042372882,0.025423728,0.050847456,0.025423728,0.038135592,0.055084746,0.055084746,0.06355932,0.012711864,0.0,0.055084746,1
0.046692606,0.023346303,0.08560311,0.05836576,0.042801555,0.105058365,0.054474708,0.046692606,0.08171206,0.05836576,0.038910504,0.042801555,0.050583657,0.027237354,0.042801555,0.038910504,0.035019454,0.06225681,0.007782101,0.0,0.050583657,1
0.03862661,0.008583691,0.0751073,0.066523604,0.05364807,0.094420604,0.042918455,0.051502146,0.083690986,0.083690986,0.019313306,0.051502146,0.042918455,0.034334764,0.027896997,0.03862661,0.066523604,0.07081545,0.006437768,0.0,0.042918455,1
0.046025105,0.008368201,0.07949791,0.07112971,0.054393306,0.09623431,0.029288704,0.046025105,0.07949791,0.08368201,0.025104603,0.050209206,0.041841004,0.037656903,0.029288704,0.041841004,0.058577407,0.07531381,0.008368201,0.0,0.037656903,1
0.040983606,0.024590164,0.045081966,0.08196721,0.045081966,0.10655738,0.028688524,0.036885247,0.086065575,0.08196721,0.036885247,0.045081966,0.045081966,0.028688524,0.036885247,0.036885247,0.07786885,0.06147541,0.008196721,0.0,0.045081966,1
0.043290045,0.017316017,0.034632035,0.07359307,0.056277055,0.0995671,0.043290045,0.043290045,0.09090909,0.06926407,0.04761905,0.04761905,0.043290045,0.034632035,0.025974026,0.051948052,0.077922076,0.04761905,0.008658009,0.0,0.043290045,1
0.05357143,0.013392857,0.06696428,0.06696428,0.04910714,0.07589286,0.03125,0.05357143,0.08928572,0.06696428,0.04464286,0.05357143,0.05357143,0.026785715,0.04017857,0.05357143,0.04464286,0.05357143,0.008928572,0.0,0.05357143,1
0.050458714,0.0091743115,0.04587156,0.09633028,0.050458714,0.10550459,0.04587156,0.041284405,0.06422018,0.04587156,0.050458714,0.027522936,0.050458714,0.027522936,0.036697246,0.06422018,0.06422018,0.06880734,0.0091743115,0.0,0.04587156,1
0.049382716,0.016460905,0.041152265,0.074074075,0.041152265,0.10288066,0.053497944,0.037037037,0.074074075,0.074074075,0.041152265,0.037037037,0.04526749,0.028806584,0.04526749,0.049382716,0.08230453,0.053497944,0.008230452,0.0,0.04526749,1
0.043290045,0.0,0.060606062,0.0995671,0.043290045,0.103896104,0.025974026,0.043290045,0.0995671,0.051948052,0.034632035,0.030303031,0.051948052,0.034632035,0.038961038,0.04761905,0.056277055,0.064935066,0.017316017,0.0,0.051948052,1
0.04661017,0.004237288,0.06355932,0.10169491,0.042372882,0.105932206,0.029661017,0.04661017,0.097457625,0.055084746,0.038135592,0.025423728,0.050847456,0.029661017,0.033898305,0.055084746,0.04661017,0.06355932,0.016949153,0.0,0.04661017,1
0.042372882,0.0,0.059322033,0.097457625,0.042372882,0.105932206,0.025423728,0.042372882,0.097457625,0.050847456,0.038135592,0.029661017,0.050847456,0.033898305,0.038135592,0.050847456,0.050847456,0.076271184,0.016949153,0.0,0.050847456,1
0.042372882,0.0,0.059322033,0.097457625,0.04661017,0.105932206,0.025423728,0.033898305,0.10169491,0.050847456,0.042372882,0.029661017,0.055084746,0.029661017,0.038135592,0.04661017,0.055084746,0.076271184,0.012711864,0.0,0.050847456,1
0.042372882,0.0,0.059322033,0.10169491,0.04661017,0.105932206,0.025423728,0.033898305,0.097457625,0.06355932,0.038135592,0.033898305,0.050847456,0.029661017,0.033898305,0.04661017,0.06355932,0.06355932,0.012711864,0.0,0.050847456,1
0.04661017,0.0,0.059322033,0.10169491,0.04661017,0.105932206,0.025423728,0.038135592,0.097457625,0.059322033,0.033898305,0.033898305,0.050847456,0.029661017,0.038135592,0.04661017,0.055084746,0.06779661,0.012711864,0.0,0.050847456,1
0.057777777,0.0,0.062222224,0.09777778,0.044444446,0.10222222,0.022222223,0.035555556,0.09777778,0.062222224,0.04,0.017777778,0.053333335,0.031111112,0.04,0.057777777,0.053333335,0.057777777,0.013333334,0.0,0.053333335,1
0.04661017,0.0,0.059322033,0.097457625,0.042372882,0.105932206,0.025423728,0.029661017,0.105932206,0.059322033,0.050847456,0.025423728,0.055084746,0.029661017,0.033898305,0.050847456,0.050847456,0.06355932,0.012711864,0.0,0.055084746,1
0.04661017,0.0,0.059322033,0.097457625,0.038135592,0.105932206,0.029661017,0.029661017,0.105932206,0.059322033,0.055084746,0.025423728,0.055084746,0.029661017,0.029661017,0.050847456,0.055084746,0.059322033,0.012711864,0.0,0.055084746,1
0.048672568,0.0,0.057522126,0.10176991,0.03982301,0.10619469,0.026548672,0.03982301,0.092920355,0.048672568,0.048672568,0.017699115,0.053097345,0.03539823,0.044247787,0.053097345,0.057522126,0.06637168,0.013274336,0.0,0.048672568,1
0.048672568,0.0,0.057522126,0.10176991,0.03982301,0.10619469,0.030973451,0.03982301,0.092920355,0.048672568,0.048672568,0.017699115,0.053097345,0.030973451,0.044247787,0.053097345,0.057522126,0.06637168,0.013274336,0.0,0.048672568,1
0.048672568,0.0,0.057522126,0.10176991,0.03982301,0.10619469,0.026548672,0.03982301,0.092920355,0.053097345,0.048672568,0.017699115,0.053097345,0.030973451,0.044247787,0.053097345,0.057522126,0.06637168,0.013274336,0.0,0.048672568,1
0.03587444,0.01793722,0.049327355,0.07174888,0.044843048,0.09865471,0.022421524,0.049327355,0.076233186,0.05381166,0.031390134,0.040358745,0.06278027,0.040358745,0.03587444,0.076233186,0.058295965,0.06278027,0.013452915,0.0,0.058295965,1
0.03305785,0.016528925,0.045454547,0.0661157,0.041322313,0.10330579,0.049586777,0.045454547,0.07024793,0.053719006,0.037190083,0.037190083,0.06198347,0.037190083,0.037190083,0.08264463,0.053719006,0.06198347,0.012396694,0.0,0.053719006,1
0.038961038,0.008658009,0.07359307,0.064935066,0.051948052,0.0952381,0.043290045,0.051948052,0.08225108,0.077922076,0.017316017,0.056277055,0.043290045,0.030303031,0.030303031,0.051948052,0.064935066,0.06926407,0.0043290043,0.0,0.043290045,1
0.04489796,0.01632653,0.040816326,0.073469386,0.040816326,0.10204082,0.053061225,0.036734693,0.07755102,0.07755102,0.04489796,0.040816326,0.04489796,0.028571429,0.040816326,0.04897959,0.07755102,0.057142857,0.008163265,0.0,0.04489796,1
0.040816326,0.020408163,0.040816326,0.073469386,0.040816326,0.10204082,0.053061225,0.036734693,0.07755102,0.07755102,0.04489796,0.040816326,0.04489796,0.028571429,0.040816326,0.04897959,0.07755102,0.057142857,0.008163265,0.0,0.04489796,1
0.037656903,0.008368201,0.07531381,0.066945605,0.046025105,0.10041841,0.037656903,0.054393306,0.08368201,0.09623431,0.020920502,0.046025105,0.041841004,0.033472802,0.029288704,0.041841004,0.06276151,0.07531381,0.0041841003,0.0,0.037656903,1
0.04661017,0.008474576,0.06355932,0.10169491,0.038135592,0.105932206,0.029661017,0.042372882,0.084745765,0.06355932,0.038135592,0.029661017,0.050847456,0.029661017,0.038135592,0.04661017,0.055084746,0.06779661,0.012711864,0.0,0.04661017,1
0.040816326,0.01632653,0.040816326,0.07755102,0.040816326,0.10612245,0.053061225,0.036734693,0.073469386,0.07755102,0.036734693,0.040816326,0.040816326,0.028571429,0.040816326,0.053061225,0.07755102,0.06122449,0.008163265,0.0,0.04897959,1
0.040816326,0.01632653,0.04489796,0.073469386,0.040816326,0.10612245,0.053061225,0.036734693,0.073469386,0.07755102,0.036734693,0.040816326,0.040816326,0.028571429,0.040816326,0.053061225,0.07755102,0.06122449,0.008163265,0.0,0.04897959,1
0.05381166,0.01793722,0.07174888,0.07174888,0.044843048,0.089686096,0.040358745,0.05381166,0.089686096,0.06278027,0.02690583,0.044843048,0.049327355,0.022421524,0.03587444,0.05381166,0.031390134,0.06726457,0.00896861,0.0,0.06278027,1
0.04489796,0.01632653,0.04489796,0.073469386,0.040816326,0.10612245,0.053061225,0.036734693,0.073469386,0.07755102,0.036734693,0.040816326,0.040816326,0.028571429,0.040816326,0.04897959,0.07755102,0.06122449,0.008163265,0.0,0.04897959,1
0.040816326,0.01632653,0.04489796,0.073469386,0.040816326,0.10612245,0.053061225,0.036734693,0.073469386,0.07755102,0.036734693,0.040816326,0.040816326,0.028571429,0.040816326,0.04897959,0.08163265,0.06122449,0.008163265,0.0,0.04897959,1
0.040816326,0.01632653,0.04489796,0.073469386,0.040816326,0.10612245,0.053061225,0.036734693,0.073469386,0.07755102,0.040816326,0.040816326,0.040816326,0.028571429,0.040816326,0.04897959,0.07755102,0.06122449,0.008163265,0.0,0.04897959,1
0.038793102,0.012931035,0.04310345,0.077586204,0.04310345,0.09913793,0.030172413,0.04310345,0.094827585,0.073275864,0.038793102,0.038793102,0.05172414,0.030172413,0.03448276,0.05172414,0.077586204,0.060344826,0.01724138,0.0,0.04310345,1
0.047008548,0.012820513,0.042735044,0.081196584,0.047008548,0.094017096,0.02991453,0.042735044,0.081196584,0.081196584,0.034188036,0.051282052,0.042735044,0.02991453,0.034188036,0.042735044,0.08547009,0.05982906,0.008547009,0.0,0.051282052,1
0.040983606,0.0040983604,0.057377048,0.09836066,0.040983606,0.11065574,0.04918033,0.032786883,0.09836066,0.05327869,0.04918033,0.032786883,0.04918033,0.028688524,0.032786883,0.045081966,0.06147541,0.05327869,0.012295082,0.0,0.04918033,1
0.045081966,0.0040983604,0.057377048,0.09836066,0.040983606,0.11065574,0.05327869,0.036885247,0.09836066,0.057377048,0.040983606,0.028688524,0.04918033,0.028688524,0.028688524,0.04918033,0.05327869,0.05327869,0.012295082,0.0,0.05327869,1
0.045081966,0.0040983604,0.057377048,0.09836066,0.040983606,0.11065574,0.05327869,0.036885247,0.09836066,0.05327869,0.045081966,0.028688524,0.04918033,0.028688524,0.028688524,0.04918033,0.05327869,0.05327869,0.012295082,0.0,0.05327869,1
0.050632913,0.021097047,0.07172996,0.067510545,0.042194095,0.088607594,0.06329114,0.05485232,0.080168776,0.05907173,0.033755273,0.042194095,0.050632913,0.021097047,0.03797468,0.05485232,0.033755273,0.06329114,0.008438818,0.0,0.05485232,1
0.050632913,0.021097047,0.07172996,0.067510545,0.042194095,0.088607594,0.06329114,0.05485232,0.080168776,0.05485232,0.033755273,0.042194095,0.05485232,0.021097047,0.03797468,0.05485232,0.033755273,0.06329114,0.008438818,0.0,0.05485232,1
0.04621849,0.008403362,0.071428575,0.063025214,0.05462185,0.09243698,0.037815128,0.063025214,0.075630255,0.071428575,0.029411765,0.063025214,0.042016808,0.029411765,0.025210084,0.04621849,0.071428575,0.05462185,0.004201681,0.0,0.05042017,1
0.04621849,0.008403362,0.071428575,0.067226894,0.05462185,0.0882353,0.037815128,0.063025214,0.075630255,0.071428575,0.029411765,0.063025214,0.042016808,0.029411765,0.025210084,0.04621849,0.071428575,0.05462185,0.004201681,0.0,0.05042017,1
0.04621849,0.008403362,0.071428575,0.067226894,0.05462185,0.0882353,0.037815128,0.063025214,0.075630255,0.075630255,0.029411765,0.063025214,0.042016808,0.029411765,0.025210084,0.04621849,0.071428575,0.05462185,0.004201681,0.0,0.04621849,1
0.04661017,0.008474576,0.0720339,0.076271184,0.055084746,0.097457625,0.038135592,0.055084746,0.105932206,0.055084746,0.042372882,0.033898305,0.050847456,0.012711864,0.025423728,0.038135592,0.06779661,0.059322033,0.008474576,0.0,0.050847456,1
0.042372882,0.008474576,0.06779661,0.08050848,0.050847456,0.097457625,0.038135592,0.059322033,0.10169491,0.055084746,0.042372882,0.033898305,0.050847456,0.012711864,0.029661017,0.038135592,0.06355932,0.06355932,0.008474576,0.0,0.055084746,1
0.040816326,0.008163265,0.073469386,0.06530612,0.04897959,0.09795918,0.057142857,0.053061225,0.08163265,0.08979592,0.020408163,0.04897959,0.040816326,0.03265306,0.024489796,0.036734693,0.06530612,0.06530612,0.008163265,0.0,0.040816326,1
0.050458714,0.0091743115,0.04587156,0.09633028,0.055045873,0.10550459,0.04587156,0.041284405,0.06422018,0.050458714,0.04587156,0.027522936,0.050458714,0.02293578,0.036697246,0.06422018,0.06422018,0.06880734,0.0091743115,0.0,0.04587156,1
0.05172414,0.012931035,0.073275864,0.060344826,0.056034483,0.09051724,0.077586204,0.05172414,0.077586204,0.060344826,0.03448276,0.047413792,0.047413792,0.01724138,0.04310345,0.038793102,0.05172414,0.056034483,0.00862069,0.0,0.04310345,1
0.044444446,0.017777778,0.075555556,0.053333335,0.044444446,0.08888889,0.026666667,0.057777777,0.08888889,0.057777777,0.04,0.04,0.04888889,0.026666667,0.04888889,0.057777777,0.044444446,0.06666667,0.008888889,0.0,0.062222224,1
0.044444446,0.017777778,0.075555556,0.053333335,0.044444446,0.08888889,0.026666667,0.057777777,0.093333334,0.057777777,0.04,0.035555556,0.04888889,0.026666667,0.044444446,0.057777777,0.04888889,0.06666667,0.008888889,0.0,0.062222224,1
0.050691243,0.01843318,0.07373272,0.07373272,0.04608295,0.0921659,0.041474655,0.05529954,0.08755761,0.059907835,0.02764977,0.04608295,0.04608295,0.01843318,0.032258064,0.05529954,0.032258064,0.06912442,0.00921659,0.0,0.06451613,1
0.04680851,0.017021276,0.04255319,0.076595746,0.04255319,0.10638298,0.029787235,0.038297873,0.076595746,0.076595746,0.04255319,0.038297873,0.04680851,0.029787235,0.038297873,0.05106383,0.08510638,0.05957447,0.008510638,0.0,0.04680851,1
0.068085104,0.017021276,0.04255319,0.07234043,0.04255319,0.09361702,0.029787235,0.038297873,0.08085106,0.076595746,0.04255319,0.038297873,0.04680851,0.029787235,0.038297873,0.04680851,0.08085106,0.05957447,0.008510638,0.0,0.04680851,1
0.068085104,0.021276595,0.04255319,0.07234043,0.04255319,0.09361702,0.029787235,0.038297873,0.08085106,0.076595746,0.04255319,0.038297873,0.04680851,0.029787235,0.038297873,0.04255319,0.08085106,0.05957447,0.008510638,0.0,0.04680851,1
0.06382979,0.021276595,0.04255319,0.07234043,0.04255319,0.09361702,0.029787235,0.038297873,0.08085106,0.076595746,0.04255319,0.038297873,0.04680851,0.029787235,0.038297873,0.04680851,0.08085106,0.05957447,0.008510638,0.0,0.04680851,1
0.042194095,0.016877636,0.042194095,0.080168776,0.046413504,0.10548523,0.029535865,0.03797468,0.080168776,0.07594936,0.042194095,0.03797468,0.046413504,0.029535865,0.03797468,0.050632913,0.08438819,0.05907173,0.008438818,0.0,0.046413504,1
0.043290045,0.012987013,0.056277055,0.06926407,0.051948052,0.08225108,0.060606062,0.043290045,0.08225108,0.07359307,0.021645023,0.051948052,0.056277055,0.025974026,0.034632035,0.038961038,0.060606062,0.07359307,0.012987013,0.0,0.04761905,1
0.038961038,0.012987013,0.056277055,0.06926407,0.04761905,0.08225108,0.060606062,0.043290045,0.08225108,0.07359307,0.025974026,0.051948052,0.056277055,0.025974026,0.034632035,0.043290045,0.060606062,0.07359307,0.012987013,0.0,0.04761905,1
0.035714287,0.007936508,0.07936508,0.06349207,0.04761905,0.0952381,0.06349207,0.051587302,0.07936508,0.08730159,0.031746034,0.04761905,0.043650795,0.027777778,0.027777778,0.03968254,0.05952381,0.06349207,0.003968254,0.0,0.043650795,1
0.041841004,0.012552301,0.07531381,0.066945605,0.050209206,0.10041841,0.033472802,0.054393306,0.08368201,0.09205021,0.020920502,0.054393306,0.041841004,0.033472802,0.020920502,0.033472802,0.066945605,0.07112971,0.008368201,0.0,0.037656903,1
0.041841004,0.012552301,0.07531381,0.066945605,0.050209206,0.10041841,0.033472802,0.050209206,0.08368201,0.09205021,0.020920502,0.054393306,0.041841004,0.033472802,0.020920502,0.033472802,0.07112971,0.07112971,0.008368201,0.0,0.037656903,1
0.041841004,0.012552301,0.07531381,0.066945605,0.050209206,0.10041841,0.033472802,0.054393306,0.08368201,0.09205021,0.020920502,0.054393306,0.041841004,0.033472802,0.020920502,0.037656903,0.06276151,0.07112971,0.008368201,0.0,0.037656903,1
0.041841004,0.012552301,0.07531381,0.066945605,0.050209206,0.10041841,0.033472802,0.050209206,0.08368201,0.09205021,0.020920502,0.054393306,0.041841004,0.033472802,0.020920502,0.037656903,0.066945605,0.07112971,0.008368201,0.0,0.037656903,1
0.056034483,0.012931035,0.073275864,0.060344826,0.060344826,0.09051724,0.077586204,0.047413792,0.08189655,0.060344826,0.030172413,0.047413792,0.047413792,0.01724138,0.04310345,0.03448276,0.05172414,0.05172414,0.00862069,0.0,0.047413792,1
0.05172414,0.012931035,0.073275864,0.060344826,0.056034483,0.09051724,0.077586204,0.047413792,0.08189655,0.060344826,0.03448276,0.047413792,0.047413792,0.01724138,0.04310345,0.038793102,0.05172414,0.05172414,0.00862069,0.0,0.047413792,1
0.042372882,0.0,0.050847456,0.10169491,0.04661017,0.11016949,0.021186441,0.04661017,0.097457625,0.050847456,0.04661017,0.025423728,0.04661017,0.025423728,0.042372882,0.055084746,0.059322033,0.06355932,0.012711864,0.0,0.055084746,1
0.040816326,0.01632653,0.040816326,0.073469386,0.036734693,0.10612245,0.053061225,0.036734693,0.07755102,0.07755102,0.04489796,0.04489796,0.04489796,0.028571429,0.040816326,0.04489796,0.07755102,0.057142857,0.012244898,0.0,0.04489796,1
0.04489796,0.01632653,0.040816326,0.073469386,0.040816326,0.10612245,0.057142857,0.03265306,0.073469386,0.08163265,0.04489796,0.04489796,0.04489796,0.028571429,0.040816326,0.04489796,0.073469386,0.057142857,0.012244898,0.0,0.040816326,1
0.047008548,0.0,0.055555556,0.0982906,0.03846154,0.11111111,0.051282052,0.03846154,0.08974359,0.047008548,0.047008548,0.017094018,0.055555556,0.02991453,0.042735044,0.051282052,0.055555556,0.06410257,0.012820513,0.0,0.047008548,1
0.051282052,0.0042735045,0.055555556,0.0982906,0.03846154,0.11111111,0.051282052,0.034188036,0.08974359,0.047008548,0.047008548,0.017094018,0.051282052,0.02991453,0.042735044,0.051282052,0.051282052,0.06410257,0.012820513,0.0,0.051282052,1
0.047008548,0.0042735045,0.055555556,0.0982906,0.03846154,0.11111111,0.051282052,0.034188036,0.08974359,0.047008548,0.047008548,0.017094018,0.055555556,0.02991453,0.042735044,0.051282052,0.051282052,0.06410257,0.012820513,0.0,0.051282052,1
0.047008548,0.0042735045,0.055555556,0.102564104,0.03846154,0.11111111,0.051282052,0.034188036,0.08974359,0.047008548,0.047008548,0.017094018,0.051282052,0.02991453,0.042735044,0.051282052,0.051282052,0.06410257,0.012820513,0.0,0.051282052,1
0.036734693,0.008163265,0.07755102,0.06530612,0.04897959,0.093877554,0.057142857,0.053061225,0.08571429,0.08571429,0.020408163,0.04897959,0.040816326,0.03265306,0.024489796,0.036734693,0.06530612,0.06938776,0.008163265,0.0,0.040816326,1
0.040816326,0.008163265,0.07755102,0.06530612,0.04897959,0.093877554,0.057142857,0.053061225,0.08163265,0.08571429,0.020408163,0.04897959,0.040816326,0.03265306,0.024489796,0.036734693,0.06530612,0.06938776,0.008163265,0.0,0.040816326,1
0.040816326,0.008163265,0.07755102,0.06530612,0.053061225,0.093877554,0.057142857,0.04897959,0.08163265,0.08571429,0.020408163,0.04897959,0.040816326,0.03265306,0.024489796,0.036734693,0.06530612,0.06938776,0.008163265,0.0,0.040816326,1
0.042372882,0.0,0.050847456,0.10169491,0.042372882,0.105932206,0.029661017,0.050847456,0.097457625,0.055084746,0.04661017,0.025423728,0.04661017,0.021186441,0.033898305,0.059322033,0.059322033,0.06355932,0.012711864,0.0,0.055084746,1
0.033755273,0.012658228,0.042194095,0.080168776,0.05485232,0.12658228,0.029535865,0.033755273,0.07172996,0.050632913,0.06329114,0.033755273,0.046413504,0.029535865,0.046413504,0.046413504,0.06329114,0.088607594,0.008438818,0.0,0.03797468,1
0.056034483,0.01724138,0.047413792,0.08189655,0.04310345,0.11637931,0.02586207,0.03448276,0.06465517,0.06465517,0.04310345,0.038793102,0.056034483,0.02586207,0.03448276,0.038793102,0.09051724,0.06896552,0.00862069,0.0,0.04310345,1
0.038135592,0.0,0.059322033,0.10169491,0.04661017,0.105932206,0.021186441,0.042372882,0.10169491,0.059322033,0.042372882,0.025423728,0.050847456,0.029661017,0.038135592,0.055084746,0.055084746,0.06779661,0.008474576,0.0,0.050847456,1
0.034749035,0.0077220076,0.06949807,0.06177606,0.054054055,0.1003861,0.06177606,0.046332046,0.077220075,0.08494209,0.027027028,0.05019305,0.042471044,0.03088803,0.027027028,0.054054055,0.054054055,0.06949807,0.0038610038,0.0,0.042471044,1
0.059322033,0.004237288,0.055084746,0.050847456,0.050847456,0.09322034,0.029661017,0.029661017,0.076271184,0.055084746,0.04661017,0.050847456,0.050847456,0.038135592,0.029661017,0.06355932,0.08898305,0.04661017,0.016949153,0.0,0.06355932,1
0.03797468,0.033755273,0.050632913,0.07594936,0.046413504,0.09282701,0.033755273,0.05485232,0.10970464,0.05485232,0.033755273,0.03797468,0.050632913,0.033755273,0.029535865,0.050632913,0.046413504,0.067510545,0.016877636,0.0,0.042194095,1
0.03797468,0.029535865,0.050632913,0.07594936,0.046413504,0.09282701,0.033755273,0.05485232,0.10970464,0.05485232,0.033755273,0.03797468,0.050632913,0.033755273,0.029535865,0.050632913,0.046413504,0.067510545,0.016877636,0.0,0.046413504,1
0.046413504,0.016877636,0.042194095,0.080168776,0.042194095,0.101265825,0.029535865,0.03797468,0.088607594,0.07594936,0.042194095,0.042194095,0.046413504,0.029535865,0.03797468,0.050632913,0.07594936,0.05907173,0.008438818,0.0,0.046413504,1
0.04477612,0.0,0.03731343,0.05970149,0.029850746,0.08955224,0.03731343,0.08208955,0.1716418,0.07462686,0.02238806,0.02238806,0.052238807,0.02238806,0.1119403,0.052238807,0.03731343,0.0074626864,0.014925373,0.0,0.029850746,1
0.039130434,0.026086956,0.04347826,0.08260869,0.047826085,0.1,0.030434782,0.030434782,0.08260869,0.08260869,0.030434782,0.04347826,0.047826085,0.034782607,0.039130434,0.030434782,0.09130435,0.06521739,0.008695652,0.0,0.04347826,1
0.036885247,0.024590164,0.045081966,0.08196721,0.045081966,0.10655738,0.032786883,0.028688524,0.086065575,0.086065575,0.036885247,0.045081966,0.045081966,0.028688524,0.036885247,0.036885247,0.07786885,0.06557377,0.008196721,0.0,0.045081966,1
0.036885247,0.024590164,0.045081966,0.08196721,0.045081966,0.10245901,0.036885247,0.028688524,0.086065575,0.086065575,0.032786883,0.04918033,0.045081966,0.028688524,0.036885247,0.032786883,0.08196721,0.06557377,0.008196721,0.0,0.045081966,1
0.037656903,0.008368201,0.07531381,0.066945605,0.054393306,0.09205021,0.041841004,0.046025105,0.087866105,0.07949791,0.020920502,0.050209206,0.041841004,0.033472802,0.025104603,0.037656903,0.07531381,0.07531381,0.0041841003,0.0,0.046025105,1
0.04310345,0.012931035,0.038793102,0.06896552,0.056034483,0.12931034,0.030172413,0.038793102,0.06465517,0.05172414,0.056034483,0.038793102,0.04310345,0.030172413,0.05172414,0.056034483,0.06465517,0.077586204,0.012931035,0.0,0.03448276,1
0.054298643,0.009049774,0.040723983,0.08144797,0.054298643,0.1040724,0.049773756,0.040723983,0.07692308,0.049773756,0.04524887,0.027149322,0.054298643,0.022624435,0.036199097,0.07239819,0.06334842,0.06334842,0.009049774,0.0,0.04524887,1
0.042735044,0.0,0.055555556,0.102564104,0.03846154,0.11111111,0.051282052,0.034188036,0.08974359,0.047008548,0.047008548,0.021367522,0.051282052,0.02991453,0.042735044,0.051282052,0.05982906,0.06410257,0.012820513,0.0,0.047008548,1
0.048672568,0.0,0.057522126,0.10619469,0.03982301,0.10619469,0.026548672,0.03539823,0.092920355,0.053097345,0.048672568,0.017699115,0.053097345,0.030973451,0.044247787,0.053097345,0.057522126,0.06637168,0.013274336,0.0,0.048672568,1
0.038135592,0.012711864,0.06355932,0.076271184,0.04661017,0.10169491,0.04661017,0.055084746,0.038135592,0.118644066,0.025423728,0.050847456,0.042372882,0.025423728,0.038135592,0.042372882,0.059322033,0.06779661,0.004237288,0.0,0.04661017,1
0.040723983,0.022624435,0.040723983,0.06334842,0.049773756,0.09954751,0.022624435,0.040723983,0.08144797,0.040723983,0.036199097,0.049773756,0.06787331,0.040723983,0.036199097,0.049773756,0.07239819,0.07239819,0.013574661,0.0,0.05882353,1
0.040723983,0.022624435,0.040723983,0.06334842,0.049773756,0.09954751,0.027149322,0.040723983,0.08144797,0.04524887,0.036199097,0.04524887,0.06787331,0.040723983,0.036199097,0.049773756,0.06787331,0.07239819,0.013574661,0.0,0.05882353,1
0.050632913,0.025316456,0.08438819,0.050632913,0.07172996,0.08438819,0.050632913,0.07172996,0.03797468,0.029535865,0.03797468,0.025316456,0.06329114,0.03797468,0.046413504,0.06329114,0.08438819,0.06329114,0.004219409,0.0,0.016877636,1
0.038135592,0.008474576,0.0720339,0.08050848,0.050847456,0.084745765,0.033898305,0.059322033,0.10169491,0.050847456,0.042372882,0.038135592,0.04661017,0.012711864,0.033898305,0.04661017,0.06779661,0.06779661,0.008474576,0.0,0.055084746,1
0.033472802,0.012552301,0.066945605,0.07531381,0.041841004,0.10041841,0.046025105,0.054393306,0.07949791,0.087866105,0.025104603,0.050209206,0.041841004,0.025104603,0.037656903,0.041841004,0.058577407,0.07112971,0.0041841003,0.0,0.046025105,1
0.037656903,0.012552301,0.066945605,0.07531381,0.041841004,0.10041841,0.046025105,0.054393306,0.07949791,0.087866105,0.025104603,0.050209206,0.041841004,0.025104603,0.037656903,0.041841004,0.058577407,0.06276151,0.0041841003,0.0,0.050209206,1
0.033472802,0.012552301,0.066945605,0.07531381,0.041841004,0.10041841,0.046025105,0.054393306,0.07949791,0.087866105,0.025104603,0.050209206,0.041841004,0.025104603,0.037656903,0.041841004,0.054393306,0.07531381,0.0041841003,0.0,0.046025105,1
0.057522126,0.013274336,0.07522124,0.061946902,0.061946902,0.092920355,0.03982301,0.03982301,0.092920355,0.061946902,0.03539823,0.053097345,0.048672568,0.017699115,0.044247787,0.03539823,0.053097345,0.057522126,0.0088495575,0.0,0.048672568,1
0.057522126,0.013274336,0.07522124,0.061946902,0.061946902,0.092920355,0.03982301,0.044247787,0.092920355,0.061946902,0.03539823,0.053097345,0.048672568,0.017699115,0.044247787,0.03539823,0.053097345,0.053097345,0.0088495575,0.0,0.048672568,1
0.053097345,0.013274336,0.07522124,0.057522126,0.06637168,0.092920355,0.03982301,0.048672568,0.092920355,0.061946902,0.03539823,0.048672568,0.048672568,0.017699115,0.044247787,0.03539823,0.053097345,0.053097345,0.0088495575,0.0,0.053097345,1
0.053097345,0.013274336,0.07522124,0.057522126,0.061946902,0.092920355,0.03982301,0.048672568,0.092920355,0.061946902,0.03982301,0.048672568,0.048672568,0.017699115,0.044247787,0.03539823,0.053097345,0.053097345,0.0088495575,0.0,0.053097345,1
0.053097345,0.017699115,0.07522124,0.057522126,0.061946902,0.092920355,0.03982301,0.048672568,0.092920355,0.061946902,0.03539823,0.048672568,0.048672568,0.017699115,0.044247787,0.03539823,0.053097345,0.053097345,0.0088495575,0.0,0.053097345,1
0.053097345,0.013274336,0.07522124,0.057522126,0.061946902,0.092920355,0.03982301,0.048672568,0.092920355,0.061946902,0.03539823,0.048672568,0.048672568,0.017699115,0.044247787,0.03982301,0.053097345,0.053097345,0.0088495575,0.0,0.053097345,1
0.053097345,0.013274336,0.07522124,0.061946902,0.061946902,0.092920355,0.03982301,0.048672568,0.092920355,0.061946902,0.03539823,0.048672568,0.048672568,0.017699115,0.044247787,0.03539823,0.053097345,0.053097345,0.0088495575,0.0,0.053097345,1
0.053097345,0.013274336,0.07522124,0.057522126,0.061946902,0.092920355,0.03982301,0.048672568,0.092920355,0.06637168,0.03539823,0.048672568,0.048672568,0.017699115,0.044247787,0.03539823,0.053097345,0.053097345,0.0088495575,0.0,0.053097345,1
0.042372882,0.008474576,0.0720339,0.08050848,0.050847456,0.084745765,0.033898305,0.055084746,0.10169491,0.050847456,0.042372882,0.042372882,0.04661017,0.012711864,0.033898305,0.04661017,0.06779661,0.06779661,0.008474576,0.0,0.050847456,1
0.042372882,0.008474576,0.06355932,0.076271184,0.050847456,0.084745765,0.033898305,0.055084746,0.11016949,0.050847456,0.042372882,0.042372882,0.04661017,0.012711864,0.038135592,0.04661017,0.06779661,0.06779661,0.008474576,0.0,0.050847456,1
0.051282052,0.012820513,0.042735044,0.081196584,0.047008548,0.094017096,0.02991453,0.03846154,0.081196584,0.081196584,0.034188036,0.051282052,0.042735044,0.02991453,0.034188036,0.042735044,0.08547009,0.05982906,0.008547009,0.0,0.051282052,1
0.037656903,0.0,0.07531381,0.066945605,0.050209206,0.09623431,0.037656903,0.050209206,0.087866105,0.087866105,0.025104603,0.054393306,0.041841004,0.033472802,0.025104603,0.037656903,0.07112971,0.07112971,0.0041841003,0.0,0.046025105,1
0.033613447,0.008403362,0.075630255,0.067226894,0.05042017,0.09663866,0.042016808,0.05042017,0.084033616,0.084033616,0.025210084,0.05462185,0.042016808,0.029411765,0.029411765,0.042016808,0.063025214,0.071428575,0.004201681,0.0,0.04621849,1
0.054166667,0.020833334,0.054166667,0.033333335,0.07083333,0.108333334,0.0625,0.025,0.07083333,0.0375,0.045833334,0.041666668,0.05,0.025,0.025,0.0625,0.09583333,0.06666667,0.008333334,0.0,0.041666668,0
0.05,0.020833334,0.054166667,0.0375,0.07083333,0.108333334,0.0625,0.025,0.07083333,0.033333335,0.045833334,0.041666668,0.05,0.029166667,0.025,0.0625,0.09583333,0.06666667,0.008333334,0.0,0.041666668,0
0.02283105,0.00456621,0.05479452,0.08675799,0.05936073,0.10045662,0.03652968,0.0456621,0.09589041,0.06392694,0.03196347,0.02283105,0.05479452,0.03196347,0.03652968,0.0456621,0.0456621,0.08675799,0.01369863,0.0,0.05936073,0
0.022222223,0.0044444446,0.053333335,0.08444444,0.057777777,0.09777778,0.035555556,0.044444446,0.09777778,0.062222224,0.035555556,0.026666667,0.053333335,0.031111112,0.04,0.053333335,0.044444446,0.08444444,0.013333334,0.0,0.057777777,0
0.022222223,0.0044444446,0.053333335,0.08444444,0.057777777,0.09777778,0.035555556,0.044444446,0.09777778,0.062222224,0.031111112,0.026666667,0.053333335,0.031111112,0.044444446,0.053333335,0.044444446,0.08444444,0.013333334,0.0,0.057777777,0
0.022222223,0.0044444446,0.053333335,0.08888889,0.057777777,0.09777778,0.035555556,0.044444446,0.09777778,0.062222224,0.031111112,0.026666667,0.053333335,0.031111112,0.04,0.053333335,0.044444446,0.08444444,0.013333334,0.0,0.057777777,0
0.022222223,0.0044444446,0.053333335,0.08444444,0.057777777,0.09777778,0.035555556,0.044444446,0.09777778,0.062222224,0.031111112,0.031111112,0.053333335,0.031111112,0.04,0.053333335,0.044444446,0.08444444,0.013333334,0.0,0.057777777,0
0.022222223,0.0044444446,0.053333335,0.08444444,0.057777777,0.09777778,0.035555556,0.044444446,0.09777778,0.062222224,0.031111112,0.026666667,0.057777777,0.031111112,0.04,0.053333335,0.044444446,0.08444444,0.013333334,0.0,0.057777777,0
0.022222223,0.0044444446,0.053333335,0.08444444,0.062222224,0.09777778,0.035555556,0.044444446,0.09777778,0.062222224,0.031111112,0.026666667,0.053333335,0.031111112,0.04,0.053333335,0.044444446,0.08444444,0.013333334,0.0,0.057777777,0
0.022222223,0.0044444446,0.053333335,0.08444444,0.057777777,0.09777778,0.035555556,0.044444446,0.09777778,0.062222224,0.031111112,0.026666667,0.053333335,0.031111112,0.04,0.053333335,0.044444446,0.08444444,0.017777778,0.0,0.057777777,0
0.022222223,0.0044444446,0.053333335,0.08444444,0.057777777,0.09777778,0.04,0.044444446,0.10222222,0.062222224,0.031111112,0.026666667,0.053333335,0.031111112,0.04,0.053333335,0.044444446,0.08444444,0.013333334,0.0,0.053333335,0
0.022222223,0.0044444446,0.053333335,0.08444444,0.057777777,0.09777778,0.035555556,0.044444446,0.10222222,0.062222224,0.031111112,0.026666667,0.053333335,0.031111112,0.04,0.04888889,0.04888889,0.08444444,0.013333334,0.0,0.057777777,0
0.022222223,0.0044444446,0.053333335,0.08444444,0.057777777,0.09777778,0.035555556,0.044444446,0.09777778,0.062222224,0.031111112,0.026666667,0.053333335,0.031111112,0.044444446,0.053333335,0.044444446,0.08444444,0.013333334,0.0,0.057777777,0
0.021186441,0.004237288,0.050847456,0.08050848,0.055084746,0.10169491,0.059322033,0.042372882,0.097457625,0.059322033,0.029661017,0.025423728,0.050847456,0.029661017,0.042372882,0.059322033,0.042372882,0.08050848,0.012711864,0.0,0.055084746,0
0.022222223,0.0044444446,0.053333335,0.08444444,0.057777777,0.09777778,0.035555556,0.044444446,0.10222222,0.062222224,0.031111112,0.026666667,0.053333335,0.031111112,0.04,0.053333335,0.044444446,0.08444444,0.013333334,0.0,0.057777777,0
0.060344826,0.030172413,0.038793102,0.077586204,0.060344826,0.10344828,0.04310345,0.04310345,0.0862069,0.06465517,0.03448276,0.021551725,0.056034483,0.02586207,0.030172413,0.05172414,0.073275864,0.04310345,0.00862069,0.0,0.047413792,0
0.06167401,0.026431719,0.04405286,0.07929515,0.057268724,0.09251101,0.04405286,0.03524229,0.066079296,0.066079296,0.039647575,0.03524229,0.052863438,0.017621145,0.04845815,0.04845815,0.07048458,0.057268724,0.008810572,0.0,0.04845815,0
0.057268724,0.030837005,0.04405286,0.07048458,0.04845815,0.0969163,0.026431719,0.04845815,0.07488987,0.07048458,0.03524229,0.04405286,0.06167401,0.02202643,0.04405286,0.052863438,0.06167401,0.04845815,0.008810572,0.0,0.052863438,0
0.034334764,0.017167382,0.047210302,0.072961375,0.072961375,0.10729614,0.030042918,0.025751073,0.072961375,0.060085837,0.060085837,0.03862661,0.042918455,0.030042918,0.03862661,0.055793993,0.06866953,0.07725322,0.008583691,0.0,0.03862661,0
0.032786883,0.016393442,0.045081966,0.06967213,0.06967213,0.11065574,0.05327869,0.024590164,0.06967213,0.057377048,0.06147541,0.036885247,0.040983606,0.028688524,0.040983606,0.057377048,0.06967213,0.06967213,0.008196721,0.0,0.036885247,0
0.04405286,0.013215859,0.07488987,0.052863438,0.066079296,0.08810572,0.04405286,0.04405286,0.09251101,0.07929515,0.03524229,0.039647575,0.057268724,0.02202643,0.03524229,0.039647575,0.04845815,0.07048458,0.008810572,0.0,0.04405286,0
0.044176705,0.004016064,0.0562249,0.084337346,0.052208837,0.09638554,0.032128513,0.036144577,0.092369474,0.092369474,0.032128513,0.024096385,0.0562249,0.02811245,0.032128513,0.044176705,0.04819277,0.08032128,0.012048192,0.0,0.052208837,0
0.052208837,0.0,0.060240965,0.084337346,0.052208837,0.09638554,0.02811245,0.036144577,0.09638554,0.092369474,0.032128513,0.016064256,0.0562249,0.032128513,0.032128513,0.052208837,0.04016064,0.07630522,0.012048192,0.0,0.052208837,0
0.031111112,0.0044444446,0.057777777,0.08888889,0.057777777,0.09777778,0.031111112,0.044444446,0.09777778,0.062222224,0.031111112,0.017777778,0.057777777,0.035555556,0.035555556,0.057777777,0.04,0.08,0.013333334,0.0,0.057777777,0
0.04819277,0.004016064,0.060240965,0.084337346,0.052208837,0.09638554,0.02811245,0.036144577,0.09638554,0.092369474,0.032128513,0.016064256,0.060240965,0.032128513,0.032128513,0.04819277,0.04016064,0.07630522,0.012048192,0.0,0.052208837,0
0.036199097,0.022624435,0.040723983,0.06334842,0.054298643,0.108597286,0.027149322,0.040723983,0.08144797,0.04524887,0.03167421,0.04524887,0.06787331,0.040723983,0.027149322,0.049773756,0.06787331,0.07692308,0.013574661,0.0,0.05882353,0
0.036199097,0.022624435,0.040723983,0.06334842,0.054298643,0.108597286,0.022624435,0.040723983,0.08144797,0.04524887,0.03167421,0.04524887,0.06787331,0.040723983,0.027149322,0.054298643,0.06787331,0.07692308,0.013574661,0.0,0.05882353,0
0.044444446,0.017777778,0.07111111,0.057777777,0.053333335,0.08,0.026666667,0.04888889,0.08888889,0.062222224,0.04,0.04888889,0.053333335,0.031111112,0.044444446,0.031111112,0.062222224,0.062222224,0.008888889,0.0,0.06666667,0
0.047413792,0.03448276,0.038793102,0.08189655,0.056034483,0.112068966,0.038793102,0.047413792,0.077586204,0.06465517,0.03448276,0.02586207,0.056034483,0.02586207,0.030172413,0.047413792,0.077586204,0.05172414,0.00862069,0.0,0.04310345,0
0.04464286,0.0,0.0625,0.0625,0.035714287,0.12053572,0.04464286,0.03125,0.06696428,0.084821425,0.017857144,0.013392857,0.08035714,0.04464286,0.08928572,0.04017857,0.026785715,0.08035714,0.008928572,0.0,0.04464286,0
0.051948052,0.034632035,0.051948052,0.060606062,0.056277055,0.08658009,0.034632035,0.064935066,0.09090909,0.056277055,0.04761905,0.038961038,0.051948052,0.030303031,0.025974026,0.056277055,0.043290045,0.056277055,0.017316017,0.0,0.043290045,0
0.054166667,0.020833334,0.054166667,0.0375,0.07083333,0.108333334,0.0625,0.025,0.07083333,0.0375,0.045833334,0.041666668,0.05,0.020833334,0.025,0.0625,0.09583333,0.06666667,0.008333334,0.0,0.041666668,0
0.054166667,0.020833334,0.054166667,0.0375,0.07083333,0.108333334,0.058333334,0.025,0.07083333,0.0375,0.045833334,0.041666668,0.05,0.020833334,0.025,0.0625,0.1,0.06666667,0.008333334,0.0,0.041666668,0
0.054166667,0.020833334,0.054166667,0.033333335,0.07083333,0.108333334,0.06666667,0.025,0.07083333,0.0375,0.045833334,0.041666668,0.05,0.020833334,0.025,0.0625,0.09583333,0.06666667,0.008333334,0.0,0.041666668,0
0.054166667,0.020833334,0.054166667,0.033333335,0.07083333,0.108333334,0.058333334,0.025,0.07083333,0.0375,0.045833334,0.041666668,0.05,0.025,0.025,0.0625,0.1,0.06666667,0.008333334,0.0,0.041666668,0
0.056034483,0.030172413,0.038793102,0.077586204,0.060344826,0.10775862,0.038793102,0.04310345,0.0862069,0.060344826,0.03448276,0.02586207,0.056034483,0.02586207,0.030172413,0.047413792,0.077586204,0.047413792,0.00862069,0.0,0.047413792,0
0.05172414,0.030172413,0.038793102,0.077586204,0.060344826,0.10775862,0.038793102,0.04310345,0.0862069,0.060344826,0.03448276,0.02586207,0.056034483,0.02586207,0.030172413,0.05172414,0.077586204,0.047413792,0.00862069,0.0,0.047413792,0
0.039647575,0.013215859,0.06167401,0.066079296,0.057268724,0.09251101,0.030837005,0.04845815,0.08370044,0.057268724,0.04405286,0.04405286,0.04405286,0.026431719,0.04405286,0.04845815,0.052863438,0.08370044,0.008810572,0.0,0.052863438,0
0.04405286,0.013215859,0.057268724,0.066079296,0.057268724,0.09251101,0.03524229,0.04845815,0.08370044,0.057268724,0.03524229,0.04845815,0.039647575,0.026431719,0.039647575,0.052863438,0.052863438,0.09251101,0.008810572,0.0,0.04845815,0
0.056277055,0.034632035,0.034632035,0.077922076,0.060606062,0.0995671,0.043290045,0.051948052,0.07359307,0.056277055,0.038961038,0.038961038,0.056277055,0.034632035,0.034632035,0.04761905,0.060606062,0.051948052,0.008658009,0.0,0.038961038,0
0.060606062,0.030303031,0.038961038,0.08225108,0.060606062,0.0995671,0.043290045,0.060606062,0.064935066,0.056277055,0.034632035,0.034632035,0.060606062,0.034632035,0.034632035,0.04761905,0.064935066,0.04761905,0.008658009,0.0,0.034632035,0
0.044444446,0.008888889,0.04888889,0.062222224,0.07111111,0.10666667,0.026666667,0.04,0.08444444,0.062222224,0.035555556,0.057777777,0.06666667,0.026666667,0.026666667,0.053333335,0.044444446,0.06666667,0.008888889,0.0,0.057777777,0
0.036036037,0.018018018,0.04954955,0.06306306,0.045045044,0.0990991,0.022522522,0.045045044,0.076576576,0.054054055,0.036036037,0.04054054,0.06306306,0.036036037,0.03153153,0.06306306,0.06306306,0.076576576,0.013513514,0.0,0.067567565,0
0.03153153,0.009009009,0.054054055,0.054054055,0.06306306,0.0990991,0.027027028,0.027027028,0.076576576,0.04954955,0.036036037,0.067567565,0.058558557,0.022522522,0.027027028,0.054054055,0.067567565,0.0945946,0.009009009,0.0,0.072072074,0
0.044444446,0.013333334,0.06666667,0.057777777,0.062222224,0.093333334,0.04,0.057777777,0.08444444,0.057777777,0.035555556,0.04888889,0.04888889,0.017777778,0.04,0.04,0.057777777,0.075555556,0.008888889,0.0,0.04888889,0
0.051948052,0.012987013,0.07359307,0.060606062,0.060606062,0.08658009,0.038961038,0.043290045,0.08658009,0.064935066,0.025974026,0.04761905,0.04761905,0.012987013,0.030303031,0.043290045,0.056277055,0.0952381,0.008658009,0.0,0.051948052,0
0.046413504,0.016877636,0.07172996,0.067510545,0.046413504,0.09282701,0.06329114,0.046413504,0.08438819,0.05485232,0.033755273,0.046413504,0.05485232,0.021097047,0.03797468,0.046413504,0.03797468,0.067510545,0.008438818,0.0,0.05485232,0
0.046692606,0.015564202,0.08560311,0.06225681,0.042801555,0.09727626,0.05836576,0.042801555,0.08171206,0.054474708,0.038910504,0.042801555,0.050583657,0.027237354,0.038910504,0.046692606,0.038910504,0.06614786,0.007782101,0.0,0.054474708,0
0.046692606,0.015564202,0.08560311,0.06225681,0.042801555,0.09727626,0.05836576,0.046692606,0.08171206,0.054474708,0.038910504,0.042801555,0.050583657,0.027237354,0.038910504,0.046692606,0.038910504,0.06225681,0.007782101,0.0,0.054474708,0
0.034632035,0.017316017,0.04761905,0.07359307,0.07359307,0.10822511,0.025974026,0.021645023,0.07359307,0.060606062,0.060606062,0.038961038,0.043290045,0.030303031,0.038961038,0.056277055,0.06926407,0.077922076,0.008658009,0.0,0.038961038,0
0.032786883,0.016393442,0.045081966,0.06967213,0.06967213,0.11065574,0.05327869,0.024590164,0.06967213,0.057377048,0.06147541,0.032786883,0.040983606,0.028688524,0.045081966,0.06147541,0.06147541,0.07377049,0.008196721,0.0,0.036885247,0
0.032786883,0.016393442,0.04918033,0.06967213,0.07377049,0.11065574,0.05327869,0.024590164,0.06967213,0.057377048,0.06147541,0.036885247,0.040983606,0.028688524,0.040983606,0.057377048,0.06147541,0.06967213,0.008196721,0.0,0.036885247,0
0.036885247,0.016393442,0.04918033,0.06967213,0.07377049,0.11065574,0.05327869,0.024590164,0.06967213,0.057377048,0.06147541,0.036885247,0.040983606,0.028688524,0.040983606,0.05327869,0.06147541,0.06967213,0.008196721,0.0,0.036885247,0
0.032786883,0.020491803,0.04918033,0.06967213,0.07377049,0.11065574,0.05327869,0.024590164,0.06967213,0.057377048,0.06147541,0.036885247,0.040983606,0.028688524,0.040983606,0.05327869,0.06147541,0.06967213,0.008196721,0.0,0.036885247,0
0.05263158,0.013157895,0.0745614,0.06140351,0.05263158,0.09210526,0.057017542,0.048245613,0.083333336,0.065789476,0.03508772,0.048245613,0.048245613,0.01754386,0.04385965,0.039473683,0.05263158,0.057017542,0.00877193,0.0,0.048245613,0
0.027272727,0.0045454544,0.05,0.08181818,0.05909091,0.1,0.04090909,0.04090909,0.10454545,0.06818182,0.027272727,0.022727273,0.06363636,0.027272727,0.027272727,0.05,0.054545455,0.07727273,0.013636364,0.0,0.05909091,0
0.03448276,0.02586207,0.05172414,0.073275864,0.05172414,0.09913793,0.056034483,0.056034483,0.09051724,0.06896552,0.021551725,0.047413792,0.060344826,0.021551725,0.021551725,0.030172413,0.06465517,0.056034483,0.01724138,0.0,0.05172414,0
0.03448276,0.02586207,0.05172414,0.073275864,0.05172414,0.09913793,0.060344826,0.056034483,0.0862069,0.06896552,0.02586207,0.047413792,0.060344826,0.01724138,0.021551725,0.030172413,0.06465517,0.056034483,0.01724138,0.0,0.05172414,0
0.04761905,0.012987013,0.043290045,0.06926407,0.064935066,0.0952381,0.04761905,0.038961038,0.08225108,0.051948052,0.038961038,0.030303031,0.056277055,0.034632035,0.025974026,0.056277055,0.07359307,0.077922076,0.008658009,0.0,0.043290045,0
0.056277055,0.012987013,0.043290045,0.06926407,0.060606062,0.0952381,0.04761905,0.038961038,0.08225108,0.051948052,0.038961038,0.030303031,0.056277055,0.034632035,0.025974026,0.060606062,0.064935066,0.07359307,0.008658009,0.0,0.04761905,0
0.056277055,0.012987013,0.043290045,0.064935066,0.060606062,0.10822511,0.04761905,0.038961038,0.08225108,0.051948052,0.038961038,0.030303031,0.056277055,0.034632035,0.021645023,0.056277055,0.064935066,0.07359307,0.008658009,0.0,0.04761905,0
0.04310345,0.030172413,0.060344826,0.056034483,0.06896552,0.09051724,0.038793102,0.03448276,0.10775862,0.060344826,0.038793102,0.03448276,0.056034483,0.02586207,0.021551725,0.073275864,0.06896552,0.047413792,0.00862069,0.0,0.03448276,0
0.03524229,0.030837005,0.04845815,0.07048458,0.07488987,0.09251101,0.039647575,0.03524229,0.08810572,0.057268724,0.039647575,0.039647575,0.066079296,0.030837005,0.02202643,0.06167401,0.07929515,0.04405286,0.008810572,0.0,0.03524229,0
0.04405286,0.013215859,0.052863438,0.066079296,0.057268724,0.08810572,0.039647575,0.04845815,0.07488987,0.057268724,0.026431719,0.04405286,0.052863438,0.03524229,0.04845815,0.03524229,0.07048458,0.08370044,0.008810572,0.0,0.052863438,0
0.052401748,0.008733625,0.06113537,0.06113537,0.069869,0.09606987,0.030567685,0.052401748,0.06113537,0.04366812,0.03930131,0.04366812,0.06113537,0.0349345,0.05676856,0.06550218,0.052401748,0.06113537,0.013100437,0.0,0.0349345,0
0.034782607,0.030434782,0.05652174,0.060869563,0.069565214,0.08260869,0.039130434,0.026086956,0.09130435,0.060869563,0.030434782,0.039130434,0.06521739,0.030434782,0.026086956,0.060869563,0.09130435,0.060869563,0.008695652,0.0,0.034782607,0
0.051948052,0.012987013,0.034632035,0.064935066,0.056277055,0.10822511,0.056277055,0.04761905,0.077922076,0.060606062,0.038961038,0.034632035,0.064935066,0.030303031,0.017316017,0.04761905,0.064935066,0.07359307,0.008658009,0.0,0.04761905,0
0.04761905,0.012987013,0.038961038,0.06926407,0.06926407,0.09090909,0.038961038,0.043290045,0.08658009,0.051948052,0.043290045,0.034632035,0.056277055,0.038961038,0.030303031,0.064935066,0.051948052,0.077922076,0.008658009,0.0,0.043290045,0
0.051948052,0.012987013,0.038961038,0.064935066,0.06926407,0.08658009,0.038961038,0.04761905,0.08225108,0.056277055,0.038961038,0.034632035,0.056277055,0.043290045,0.025974026,0.064935066,0.056277055,0.077922076,0.008658009,0.0,0.043290045,0
0.061946902,0.0088495575,0.057522126,0.057522126,0.061946902,0.084070794,0.044247787,0.048672568,0.07964602,0.053097345,0.044247787,0.03982301,0.061946902,0.022123894,0.044247787,0.03539823,0.061946902,0.07522124,0.0088495575,0.0,0.048672568,0
0.051948052,0.012987013,0.043290045,0.064935066,0.06926407,0.08658009,0.043290045,0.043290045,0.09090909,0.051948052,0.043290045,0.030303031,0.056277055,0.034632035,0.025974026,0.06926407,0.056277055,0.077922076,0.008658009,0.0,0.038961038,0
0.056277055,0.012987013,0.038961038,0.06926407,0.06926407,0.09090909,0.038961038,0.043290045,0.08658009,0.051948052,0.043290045,0.034632035,0.056277055,0.034632035,0.025974026,0.06926407,0.056277055,0.07359307,0.008658009,0.0,0.038961038,0
0.052401748,0.008733625,0.069869,0.06113537,0.05676856,0.08733624,0.0349345,0.048034936,0.09170306,0.06113537,0.0349345,0.048034936,0.048034936,0.01746725,0.03930131,0.048034936,0.05676856,0.06550218,0.008733625,0.0,0.06113537,0
0.04464286,0.017857144,0.071428575,0.06696428,0.058035713,0.09375,0.03125,0.058035713,0.102678575,0.0625,0.035714287,0.04910714,0.04910714,0.026785715,0.03125,0.03125,0.04017857,0.071428575,0.008928572,0.0,0.04910714,0
0.05263158,0.013157895,0.078947365,0.057017542,0.057017542,0.083333336,0.030701755,0.07017544,0.09210526,0.057017542,0.03508772,0.048245613,0.048245613,0.01754386,0.039473683,0.039473683,0.06140351,0.06140351,0.00877193,0.0,0.048245613,0
0.07272727,0.036363635,0.05,0.08181818,0.06363636,0.10909091,0.03181818,0.03181818,0.07272727,0.045454547,0.045454547,0.05,0.04090909,0.03181818,0.04090909,0.04090909,0.06363636,0.054545455,0.009090909,0.0,0.027272727,0
0.04910714,0.02232143,0.07589286,0.0625,0.05357143,0.08928572,0.03125,0.05357143,0.11160714,0.06696428,0.026785715,0.04017857,0.04910714,0.03125,0.026785715,0.035714287,0.04464286,0.06696428,0.008928572,0.0,0.05357143,0
0.044444446,0.017777778,0.075555556,0.057777777,0.053333335,0.08,0.026666667,0.053333335,0.08444444,0.062222224,0.04,0.053333335,0.053333335,0.031111112,0.044444446,0.026666667,0.062222224,0.057777777,0.008888889,0.0,0.06666667,0
0.047210302,0.021459227,0.060085837,0.060085837,0.060085837,0.07725322,0.030042918,0.042918455,0.08583691,0.06437768,0.034334764,0.042918455,0.051502146,0.034334764,0.042918455,0.06437768,0.060085837,0.06437768,0.017167382,0.0,0.03862661,0
0.04347826,0.013043478,0.069565214,0.069565214,0.052173913,0.07826087,0.034782607,0.08260869,0.09565217,0.05652174,0.030434782,0.047826085,0.04347826,0.017391304,0.04347826,0.030434782,0.052173913,0.073913045,0.008695652,0.0,0.05652174,0
0.054545455,0.013636364,0.05909091,0.06818182,0.06818182,0.08181818,0.027272727,0.03181818,0.095454544,0.07272727,0.022727273,0.03181818,0.05,0.022727273,0.036363635,0.06818182,0.08181818,0.06363636,0.009090909,0.0,0.04090909,0
0.057777777,0.013333334,0.07111111,0.057777777,0.04888889,0.075555556,0.031111112,0.04888889,0.08444444,0.06666667,0.044444446,0.057777777,0.053333335,0.031111112,0.04,0.053333335,0.04,0.04888889,0.008888889,0.0,0.06666667,0
0.05357143,0.026785715,0.04910714,0.04910714,0.07589286,0.09821428,0.04910714,0.026785715,0.08928572,0.04910714,0.05357143,0.04910714,0.04910714,0.02232143,0.02232143,0.05357143,0.07589286,0.06696428,0.004464286,0.0,0.035714287,0
0.056034483,0.02586207,0.060344826,0.060344826,0.056034483,0.0862069,0.04310345,0.038793102,0.077586204,0.060344826,0.04310345,0.04310345,0.056034483,0.030172413,0.03448276,0.060344826,0.056034483,0.060344826,0.01724138,0.0,0.03448276,0
0.047008548,0.02991453,0.07692308,0.055555556,0.05982906,0.07692308,0.025641026,0.047008548,0.081196584,0.05982906,0.034188036,0.042735044,0.051282052,0.025641026,0.03846154,0.05982906,0.06837607,0.06410257,0.017094018,0.0,0.03846154,0
0.034632035,0.012987013,0.064935066,0.060606062,0.051948052,0.0952381,0.043290045,0.04761905,0.08658009,0.077922076,0.034632035,0.034632035,0.064935066,0.025974026,0.034632035,0.060606062,0.056277055,0.060606062,0.012987013,0.0,0.038961038,0
0.04,0.013333334,0.06666667,0.057777777,0.06666667,0.08888889,0.044444446,0.044444446,0.08444444,0.08,0.035555556,0.044444446,0.057777777,0.017777778,0.031111112,0.04,0.053333335,0.075555556,0.008888889,0.0,0.04888889,0
0.03539823,0.013274336,0.07964602,0.057522126,0.057522126,0.10176991,0.03982301,0.048672568,0.07522124,0.061946902,0.030973451,0.03539823,0.057522126,0.026548672,0.053097345,0.03539823,0.053097345,0.07079646,0.0088495575,0.0,0.057522126,0
0.047826085,0.013043478,0.05652174,0.06521739,0.05652174,0.09130435,0.047826085,0.052173913,0.08260869,0.060869563,0.026086956,0.034782607,0.052173913,0.02173913,0.034782607,0.04347826,0.069565214,0.07826087,0.008695652,0.0,0.05652174,0
0.039647575,0.008810572,0.052863438,0.066079296,0.057268724,0.08370044,0.06167401,0.03524229,0.101321585,0.066079296,0.04405286,0.026431719,0.07488987,0.030837005,0.017621145,0.057268724,0.066079296,0.066079296,0.013215859,0.0,0.030837005,0
0.036199097,0.018099548,0.049773756,0.05882353,0.049773756,0.095022626,0.018099548,0.04524887,0.08144797,0.04524887,0.036199097,0.054298643,0.06787331,0.040723983,0.03167421,0.05882353,0.05882353,0.07692308,0.013574661,0.0,0.06334842,0
0.036199097,0.013574661,0.04524887,0.06334842,0.054298643,0.095022626,0.022624435,0.04524887,0.08144797,0.04524887,0.03167421,0.049773756,0.06787331,0.040723983,0.03167421,0.05882353,0.06334842,0.08144797,0.013574661,0.0,0.05882353,0
0.036199097,0.022624435,0.04524887,0.06334842,0.049773756,0.095022626,0.022624435,0.040723983,0.09049774,0.049773756,0.036199097,0.049773756,0.06787331,0.040723983,0.022624435,0.049773756,0.06334842,0.07692308,0.013574661,0.0,0.06334842,0
0.036199097,0.018099548,0.04524887,0.06334842,0.049773756,0.095022626,0.022624435,0.04524887,0.09049774,0.04524887,0.036199097,0.049773756,0.06334842,0.040723983,0.022624435,0.06334842,0.05882353,0.07692308,0.013574661,0.0,0.06334842,0
0.040723983,0.018099548,0.04524887,0.05882353,0.049773756,0.095022626,0.018099548,0.04524887,0.08597285,0.049773756,0.036199097,0.049773756,0.06787331,0.049773756,0.022624435,0.05882353,0.05882353,0.07692308,0.013574661,0.0,0.05882353,0
0.03167421,0.018099548,0.04524887,0.06334842,0.049773756,0.09954751,0.018099548,0.049773756,0.08144797,0.054298643,0.036199097,0.049773756,0.06334842,0.036199097,0.027149322,0.06334842,0.05882353,0.07239819,0.013574661,0.0,0.06787331,0
0.03167421,0.018099548,0.04524887,0.05882353,0.04524887,0.09954751,0.022624435,0.049773756,0.07239819,0.05882353,0.036199097,0.049773756,0.06334842,0.040723983,0.036199097,0.06787331,0.05882353,0.06787331,0.013574661,0.0,0.06334842,0
0.0625,0.017857144,0.04910714,0.06696428,0.058035713,0.102678575,0.017857144,0.035714287,0.08928572,0.08035714,0.04910714,0.035714287,0.0625,0.017857144,0.035714287,0.03125,0.084821425,0.05357143,0.008928572,0.0,0.04017857,0
0.06278027,0.022421524,0.05381166,0.076233186,0.058295965,0.09865471,0.022421524,0.049327355,0.08520179,0.058295965,0.040358745,0.05381166,0.040358745,0.022421524,0.03587444,0.044843048,0.05381166,0.06726457,0.00896861,0.0,0.044843048,0
0.06392694,0.01826484,0.05936073,0.06849315,0.05936073,0.09589041,0.02283105,0.03652968,0.08675799,0.06392694,0.04109589,0.05479452,0.04109589,0.02283105,0.03652968,0.04109589,0.05936073,0.06849315,0.01369863,0.0,0.0456621,0
0.057522126,0.022123894,0.053097345,0.07079646,0.061946902,0.11061947,0.030973451,0.03539823,0.088495575,0.053097345,0.048672568,0.03982301,0.03982301,0.026548672,0.044247787,0.053097345,0.061946902,0.06637168,0.0088495575,0.0,0.026548672,0
0.049773756,0.027149322,0.04524887,0.06787331,0.05882353,0.09049774,0.049773756,0.049773756,0.08597285,0.07239819,0.040723983,0.03167421,0.054298643,0.03167421,0.036199097,0.054298643,0.049773756,0.06787331,0.009049774,0.0,0.027149322,0
0.04524887,0.040723983,0.036199097,0.06787331,0.06787331,0.08144797,0.049773756,0.027149322,0.07692308,0.054298643,0.04524887,0.04524887,0.054298643,0.049773756,0.027149322,0.049773756,0.08144797,0.05882353,0.004524887,0.0,0.036199097,0
0.044247787,0.030973451,0.048672568,0.07079646,0.057522126,0.092920355,0.044247787,0.03539823,0.084070794,0.061946902,0.044247787,0.030973451,0.057522126,0.030973451,0.030973451,0.061946902,0.061946902,0.061946902,0.013274336,0.0,0.03539823,0
0.049773756,0.027149322,0.05882353,0.06334842,0.05882353,0.095022626,0.040723983,0.036199097,0.08597285,0.05882353,0.04524887,0.036199097,0.049773756,0.027149322,0.027149322,0.049773756,0.06787331,0.07239819,0.009049774,0.0,0.040723983,0
0.057522126,0.030973451,0.048672568,0.06637168,0.057522126,0.07964602,0.053097345,0.048672568,0.084070794,0.057522126,0.03982301,0.030973451,0.057522126,0.03539823,0.03539823,0.057522126,0.061946902,0.057522126,0.0088495575,0.0,0.030973451,0
0.040723983,0.027149322,0.054298643,0.049773756,0.05882353,0.09954751,0.036199097,0.03167421,0.06787331,0.054298643,0.04524887,0.040723983,0.049773756,0.054298643,0.036199097,0.049773756,0.09049774,0.06334842,0.009049774,0.0,0.040723983,0
0.044843048,0.004484305,0.049327355,0.06726457,0.08071749,0.09865471,0.013452915,0.040358745,0.06278027,0.05381166,0.040358745,0.049327355,0.07174888,0.040358745,0.044843048,0.049327355,0.049327355,0.07174888,0.00896861,0.0,0.058295965,0
0.051948052,0.012987013,0.038961038,0.064935066,0.06926407,0.09090909,0.043290045,0.043290045,0.09090909,0.051948052,0.043290045,0.030303031,0.056277055,0.034632035,0.025974026,0.06926407,0.056277055,0.077922076,0.008658009,0.0,0.038961038,0
0.043290045,0.012987013,0.043290045,0.07359307,0.060606062,0.0952381,0.04761905,0.038961038,0.08658009,0.051948052,0.038961038,0.030303031,0.056277055,0.030303031,0.030303031,0.056277055,0.06926407,0.077922076,0.008658009,0.0,0.04761905,0
0.043290045,0.012987013,0.038961038,0.06926407,0.064935066,0.103896104,0.04761905,0.038961038,0.08658009,0.051948052,0.043290045,0.030303031,0.056277055,0.030303031,0.025974026,0.060606062,0.06926407,0.07359307,0.008658009,0.0,0.043290045,0
0.060344826,0.02586207,0.060344826,0.060344826,0.056034483,0.0862069,0.04310345,0.038793102,0.077586204,0.060344826,0.038793102,0.04310345,0.056034483,0.030172413,0.03448276,0.060344826,0.056034483,0.060344826,0.01724138,0.0,0.03448276,0
0.051948052,0.012987013,0.043290045,0.06926407,0.060606062,0.0952381,0.04761905,0.038961038,0.08658009,0.051948052,0.038961038,0.030303031,0.056277055,0.030303031,0.025974026,0.060606062,0.064935066,0.077922076,0.008658009,0.0,0.04761905,0
0.040723983,0.022624435,0.04524887,0.06334842,0.049773756,0.095022626,0.022624435,0.04524887,0.08597285,0.04524887,0.036199097,0.049773756,0.06787331,0.040723983,0.027149322,0.054298643,0.054298643,0.07692308,0.013574661,0.0,0.06334842,0
0.053097345,0.013274336,0.07522124,0.057522126,0.061946902,0.092920355,0.044247787,0.048672568,0.092920355,0.061946902,0.03539823,0.048672568,0.048672568,0.017699115,0.044247787,0.03539823,0.053097345,0.053097345,0.0088495575,0.0,0.053097345,0
0.045045044,0.009009009,0.036036037,0.06306306,0.04954955,0.1036036,0.04054054,0.058558557,0.058558557,0.04954955,0.045045044,0.072072074,0.04054054,0.018018018,0.036036037,0.054054055,0.09009009,0.04954955,0.0045045046,0.0,0.076576576,0
0.04954955,0.009009009,0.03153153,0.06306306,0.04954955,0.1036036,0.04054054,0.058558557,0.06306306,0.04954955,0.04054054,0.067567565,0.045045044,0.018018018,0.04054054,0.04954955,0.08558559,0.054054055,0.0045045046,0.0,0.076576576,0
0.042016808,0.016806724,0.033613447,0.071428575,0.05462185,0.10084034,0.067226894,0.042016808,0.0882353,0.067226894,0.042016808,0.04621849,0.042016808,0.033613447,0.025210084,0.05462185,0.075630255,0.04621849,0.008403362,0.0,0.042016808,0
0.05172414,0.012931035,0.073275864,0.060344826,0.05172414,0.09051724,0.073275864,0.047413792,0.08189655,0.06465517,0.03448276,0.047413792,0.047413792,0.01724138,0.04310345,0.038793102,0.05172414,0.056034483,0.00862069,0.0,0.047413792,0
0.046692606,0.015564202,0.08560311,0.06225681,0.042801555,0.09727626,0.05836576,0.042801555,0.07782101,0.054474708,0.042801555,0.046692606,0.050583657,0.027237354,0.038910504,0.046692606,0.035019454,0.06614786,0.007782101,0.0,0.054474708,0
0.033333335,0.020833334,0.041666668,0.058333334,0.054166667,0.09583333,0.045833334,0.0375,0.079166666,0.041666668,0.0375,0.041666668,0.06666667,0.0375,0.033333335,0.07083333,0.07083333,0.07083333,0.0125,0.0,0.05,0
0.033333335,0.020833334,0.041666668,0.058333334,0.054166667,0.09583333,0.05,0.0375,0.079166666,0.041666668,0.0375,0.041666668,0.06666667,0.0375,0.033333335,0.06666667,0.07083333,0.07083333,0.0125,0.0,0.05,0
0.05479452,0.00456621,0.05022831,0.04109589,0.07305936,0.0913242,0.02739726,0.03652968,0.06392694,0.05936073,0.0456621,0.05022831,0.05479452,0.0456621,0.02739726,0.06392694,0.09589041,0.0456621,0.01826484,0.0,0.05022831,0
0.035555556,0.0,0.053333335,0.08444444,0.057777777,0.09777778,0.04,0.04,0.09777778,0.062222224,0.026666667,0.022222223,0.062222224,0.035555556,0.026666667,0.04888889,0.057777777,0.08,0.013333334,0.0,0.057777777,0
0.017777778,0.0,0.053333335,0.08444444,0.057777777,0.10222222,0.044444446,0.04,0.09777778,0.062222224,0.026666667,0.022222223,0.062222224,0.035555556,0.026666667,0.053333335,0.053333335,0.08888889,0.013333334,0.0,0.057777777,0
0.056277055,0.030303031,0.038961038,0.08225108,0.04761905,0.10822511,0.038961038,0.043290045,0.077922076,0.077922076,0.030303031,0.021645023,0.056277055,0.025974026,0.034632035,0.051948052,0.07359307,0.04761905,0.008658009,0.0,0.04761905,0
0.05676856,0.02183406,0.05676856,0.03930131,0.074235804,0.104803495,0.03930131,0.026200874,0.069869,0.03930131,0.052401748,0.03930131,0.052401748,0.02183406,0.02183406,0.06113537,0.10043668,0.069869,0.008733625,0.0,0.04366812,0
0.060606062,0.034632035,0.064935066,0.060606062,0.051948052,0.08225108,0.030303031,0.051948052,0.08658009,0.056277055,0.043290045,0.034632035,0.056277055,0.030303031,0.034632035,0.051948052,0.043290045,0.064935066,0.017316017,0.0,0.043290045,0
0.051948052,0.034632035,0.051948052,0.060606062,0.056277055,0.08658009,0.034632035,0.064935066,0.0952381,0.056277055,0.038961038,0.038961038,0.051948052,0.030303031,0.025974026,0.056277055,0.043290045,0.060606062,0.017316017,0.0,0.043290045,0
0.05357143,0.017857144,0.071428575,0.071428575,0.04910714,0.08928572,0.04017857,0.04910714,0.08928572,0.058035713,0.03125,0.04910714,0.05357143,0.02232143,0.035714287,0.04464286,0.035714287,0.071428575,0.008928572,0.0,0.058035713,0
0.05,0.011538462,0.08076923,0.057692308,0.042307694,0.103846155,0.06538462,0.046153847,0.08076923,0.053846154,0.042307694,0.03846154,0.05,0.026923077,0.03846154,0.053846154,0.034615386,0.06153846,0.0076923077,0.0,0.053846154,0
0.05357143,0.013392857,0.071428575,0.06696428,0.04910714,0.09375,0.04464286,0.05357143,0.08928572,0.058035713,0.03125,0.04464286,0.05357143,0.02232143,0.035714287,0.04910714,0.035714287,0.071428575,0.008928572,0.0,0.05357143,0
0.04910714,0.013392857,0.071428575,0.06696428,0.04910714,0.09375,0.04464286,0.05357143,0.08928572,0.058035713,0.03125,0.04464286,0.05357143,0.02232143,0.035714287,0.04910714,0.04017857,0.071428575,0.008928572,0.0,0.05357143,0
0.026666667,0.0044444446,0.053333335,0.08444444,0.057777777,0.09777778,0.035555556,0.044444446,0.10222222,0.062222224,0.031111112,0.026666667,0.053333335,0.031111112,0.04,0.04888889,0.04888889,0.08,0.013333334,0.0,0.057777777,0
0.053097345,0.013274336,0.07522124,0.061946902,0.061946902,0.092920355,0.048672568,0.048672568,0.084070794,0.061946902,0.03539823,0.048672568,0.048672568,0.017699115,0.044247787,0.03539823,0.053097345,0.057522126,0.0088495575,0.0,0.048672568,0
